Project Name,Chain,Address,Open Source,Source,Address_lower,in_normal,in_rug,Hidden Balance Modification,Hidden Mint/Burn,Address Restrict,Amount Restrict,Modifiable External Call,TimeStamp Restrict,Hidden Balance Modification,Modifiable External Call,Modifiable Tax Address,Modifiable Tax Rate
GMETA,BSC,0X93023F1D3525E273F291B6F76D2F5027A39BF302,Yes,https://twitter.com/BeosinAlert/status/1681240663868973056,0x93023f1d3525e273f291b6f76d2f5027a39bf302,False,True,0,1,0,0,0,0,0,0,0,1
Pok√©monFi,BSC,0X2753DCE37A7EDB052A77832039BCC9AA49AD8B25,Yes,https://twitter.com/CertiKAlert/status/1562555089306685440,0x2753dce37a7edb052a77832039bcc9aa49ad8b25,False,True,0,0,1,0,0,0,0,0,0,0
Sudorare,ETH,0X5404EFAFDD8CC30053069DF2A1B0C4BA881B3E1E,Yes,https://x.com/PeckShieldAlert/status/1561967493912363008,0x5404efafdd8cc30053069df2a1b0c4ba881b3e1e,False,True,0,1,0,0,0,0,0,0,0,0
DRAC Network,ETH,0X10F6F2B97F3AB29583D9D38BABF2994DF7220C21,Yes,https://twitter.com/PeckShieldAlert/status/1551409593397350401,0x10f6f2b97f3ab29583d9d38babf2994df7220c21,False,True,0,1,0,0,0,0,0,0,0,1
DHE,BSC,0X11CBC781DADAAD13FC3A361772C80B1C027820AF,Yes,https://twitter.com/CertiKAlert/status/1539031511114063873,0x11cbc781dadaad13fc3a361772c80b1c027820af,False,True,0,0,1,0,0,0,0,0,0,0
ElonMVP,BSC,0X3E597EA168A85AA2AE5E2C4333665BCD875ED10F,Yes,https://twitter.com/PeckShieldAlert/status/1536223027717111808,0x3e597ea168a85aa2ae5e2c4333665bcd875ed10f,False,True,0,0,1,0,0,0,0,0,0,0
BabyElon,BSC,0X292E89D5D5BDAB3AF2F5838C194C1983F0140B43,Yes,https://de.fi/rekt-database/babyelon,0x292e89d5d5bdab3af2f5838c194c1983f0140b43,False,True,0,0,1,0,0,0,0,0,0,0
StarMan,BSC,0XEF20505C8B343D12DA174BF9D8495C1CE2670989,Yes,https://de.fi/rekt-database/starman,0xef20505c8b343d12da174bf9d8495c1ce2670989,False,True,0,0,1,0,0,0,0,0,0,0
Armadillo Coin,BSC,0XC71D244F7AD6C869ECBF13CBD9ACAE31718BE4F8,Yes,https://x.com/PeckShieldAlert/status/1531880431947481093,0xc71d244f7ad6c869ecbf13cbd9acae31718be4f8,False,True,0,0,1,0,0,0,0,0,0,0
LV PLUS,BSC,0X5927B72440D8A8B8C6CA5A8BE60E88975F9063FC,Yes,https://de.fi/rekt-database/lv_metaverse,0x5927b72440d8a8b8c6ca5a8be60e88975f9063fc,False,True,0,0,1,1,0,0,0,0,0,1
Pokemoney,BSC,0X32FF5B4C3B1744F0344D96FA2F87799ED2805749,No,https://twitter.com/PeckShieldAlert/status/1530122357125181441,0x32ff5b4c3b1744f0344d96fa2f87799ed2805749,False,True,0,1,0,0,0,0,0,0,0,0
Hunter,BSC,0X1E4402FA427A7A835FC64EA6D051404CE767A569,Yes,https://twitter.com/CertiKAlert/status/1523153063875575809,0x1e4402fa427a7a835fc64ea6d051404ce767a569,False,True,0,0,0,0,0,0,0,0,0,1
MaxAPY Finance,BSC,0XCB6CD204D783DC8D66896A6DEF5867D332228D7B,Yes,https://twitter.com/PeckShieldAlert/status/1516676658350428160,0xcb6cd204d783dc8d66896a6def5867d332228d7b,False,True,0,0,1,0,0,0,0,0,0,1
BNB DEFI,BSC,0X455DEDACBE41C178953119847F2B95E2D9AD0A1D,Yes,https://twitter.com/PeckShieldAlert/status/1508626057913520128,0x455dedacbe41c178953119847f2b95e2d9ad0a1d,False,True,1,0,0,0,0,0,0,0,0,1
BuccaneerFi,BSC,0X831467B7B6BF9C705DC87899D48B57EE55C8D5CC,Yes,https://twitter.com/PeckShieldAlert/status/1508337292020445187,0x831467b7b6bf9c705dc87899d48b57ee55c8d5cc,False,True,0,1,0,0,0,0,0,0,0,0
BabyMuskCoin,BSC,0XAF507F297B5EFF8339315C4226977972734438B0,Yes,https://twitter.com/CertiKCommunity/status/1491483014467047437?s=19,0xaf507f297b5eff8339315c4226977972734438b0,False,True,1,0,1,0,0,0,0,0,0,1
IEGT,BSC,0X8D07F605926837EA0F9E1E24DBA0FB348CB3E97D,Yes,https://slowmist.medium.com/beware-of-covert-rug-pulls-exit-scams-driven-by-contract-storage-manipulation-3631c8cbe1a,0x8d07f605926837ea0f9e1e24dba0fb348cb3e97d,False,True,0,0,1,1,0,0,0,0,0,1
VPANDA DAO,BSC,0X2A8DBA970BA9750FA1C81B1BE4C0E19C1AACCA9D,Yes,https://twitter.com/PeckShieldAlert/status/1670745691440943106,0x2a8dba970ba9750fa1c81b1be4c0e19c1aacca9d,False,True,0,0,0,1,0,0,0,0,0,0
USEA,BSC,0XDF7FF95AA3D855A6FB21399432166A92FDCF1B1A,Yes,https://de.fi/rekt-database/usea,0xdf7ff95aa3d855a6fb21399432166a92fdcf1b1a,False,True,0,1,0,0,0,0,0,0,0,0
Swaprum,Arbitrum,0X2AE25460C44D578E6F41AB900A7A5425B6492C16,Yes,https://twitter.com/hackenclub/status/1659499442041417729?s=46&t=DLwbX9Nw4QECiyZQ0av-fg,0x2ae25460c44d578e6f41ab900a7a5425b6492c16,False,True,0,1,0,0,0,0,0,0,0,0
DMAN,ETH,0X9A3FB36BF72A387FCC821A38EE9F50F1A0EB8CBD,Yes,https://hacked.slowmist.io/search/,0x9a3fb36bf72a387fcc821a38ee9f50f1a0eb8cbd,False,True,0,0,0,1,0,0,0,0,0,0
GNS,ETH,0XE7E63E244C52B2230666E263657BA8DB2B6B3705,Yes,https://hacked.slowmist.io/search/,0xe7e63e244c52b2230666e263657ba8db2b6b3705,False,True,1,0,0,0,0,0,0,0,0,1
PEPG,ETH,0X25D8F027FD25EECBCD812521FB2F75F175807A91,Yes,https://hacked.slowmist.io/search/,0x25d8f027fd25eecbcd812521fb2f75f175807a91,False,True,1,0,0,0,0,0,0,0,0,1
Art Coin,ETH,0X1250B98CBDE9F99F4C42DCDACEE193221F17EB50,Yes,https://bitcoinist.com/project-losses-over-331000-setup-flaw-on-uniswap-v3/,0x1250b98cbde9f99f4c42dcdacee193221f17eb50,False,True,0,1,0,0,0,0,0,0,0,0
WSB Coin,ETH,0X0414D8C87B271266A5864329FB4932BBE19C0C49,Yes,https://de.fi/rekt-database/wsb,0x0414d8c87b271266a5864329fb4932bbe19c0c49,False,True,0,1,0,0,0,0,0,0,0,0
Arbtomb,Arbitrum,0XAF391EAA53FB34AE2E83E975F03461A936991245,Yes,https://de.fi/rekt-database/arbtomb,0xaf391eaa53fb34ae2e83e975f03461a936991245,False,True,0,1,0,0,0,0,0,0,0,0
Kokomo Finance,OP.ETH,0X7DA25BC4CFAED3F29414C6779676E53B19A356F5,Yes,https://de.fi/rekt-database/kokomo_finance,0x7da25bc4cfaed3f29414c6779676e53b19a356f5,False,True,0,1,0,0,0,0,0,0,0,0
ArbiSwap,Arbitrum,0X9DB8A10C7FE60D84397860B3AF2E686D4F90C2B7,Yes,https://arbiscan.io/tx/0x54ca307057b38110f60fce515ba35321fde82b876b4a2abf77368924903216e1,0x9db8a10c7fe60d84397860b3af2e686d4f90c2b7,False,True,0,1,0,0,0,0,0,0,0,0
Wegrocoin,BSC,0X5946FE65AB9DC66A961234502EE96776E4FA9F52,Yes,https://twitter.com/PeckShieldAlert/status/1486500426174189573,0x5946fe65ab9dc66a961234502ee96776e4fa9f52,False,True,1,0,1,1,0,0,0,0,0,0
InfinityToken,BSC,0X52E4339B4B9FF254738D6E971E83440F60DC029C,Yes,https://coincodecap.com/infinity-token-rugged-more-than-1390-wbnb,0x52e4339b4b9ff254738d6e971e83440f60dc029c,False,True,0,1,0,1,0,0,0,0,0,0
Bored Bunny,ETH,0X9372B371196751DD2F603729AE8D8014BBEB07F6,Yes,https://twitter.com/chanceweb3/status/1478549762219466752?ref_src=twsrc%5Etfw%7Ctwcamp%5Etweetembed%7Ctwterm%5E1478549762219466752%7Ctwgr%5E%7Ctwcon%5Es1,0x9372b371196751dd2f603729ae8d8014bbeb07f6,False,True,0,1,0,0,0,0,0,0,0,0
Snowdog DAO,Cchain,0XDE9E52F1838951E4D2BB6C59723B003C353979B6,Yes,https://de.fi/rekt-database/snowdog,0xde9e52f1838951e4d2bb6c59723b003c353979b6,False,True,0,1,0,0,0,0,0,0,0,0
METAMOONMARS,BSC,0X8ED9C7E4D8DFE480584CC7EF45742AC302BA27D7,Yes,https://de.fi/rekt-database/metamoonmars,0x8ed9c7e4d8dfe480584cc7ef45742ac302ba27d7,False,True,0,0,0,0,0,0,0,0,0,1
Flare,BSC,0X85AA3F04E539E426CBB55C0D584EA99CFE1D96A1,Yes,https://de.fi/rekt-database/flare,0x85aa3f04e539e426cbb55c0d584ea99cfe1d96a1,False,True,0,0,0,1,0,0,0,0,0,0
Blur Finance,BSC,0X4165084A6E5388CE53C9D9892F904A2712DD943A,Yes,https://twitter.com/PeckShieldAlert/status/1557259094058102785,0x4165084a6e5388ce53c9d9892f904a2712dd943a,False,True,0,1,0,0,0,0,0,0,0,0
Julia,ETH,0XA7CD93ED3133D82781CC17460FE1500B69A1B514,Yes,https://de.fi/rekt-database/julia,0xa7cd93ed3133d82781cc17460fe1500b69a1b514,False,True,0,0,0,0,1,0,0,0,0,0
Memecoin,ETH,0X3417D4FA067806F8F70C2A692548048962B7AC45,Yes,https://de.fi/rekt-database/memecoin,0x3417d4fa067806f8f70c2a692548048962b7ac45,False,True,1,0,0,1,0,0,0,0,0,0
Jewels,ETH,0XA2E8B27500D3BAE6DAAD122BDD8F405B65752175,Yes,https://de.fi/rekt-database/jewels,0xa2e8b27500d3bae6daad122bdd8f405b65752175,False,True,0,0,0,1,0,0,0,0,0,0
Gemini Ai,ETH,0XDBC0E0C94707256AC2DE70F0B0E182C9287663F6,Yes,https://twitter.com/PeckShieldAlert/status/1732735122452201617,0xdbc0e0c94707256ac2de70f0b0e182c9287663f6,False,True,1,0,0,0,0,0,0,0,0,0
TITANX,ETH,0XAF3302F7A83CB4E66B8F9450B00E7644E605878D,Yes,https://de.fi/rekt-database/titanx,0xaf3302f7a83cb4e66b8f9450b00e7644e605878d,False,True,0,0,0,1,0,0,0,0,0,0
Arbix Finance,BSC,0XD20EF93050C0943F74F5F8FF0CC97C74139D6437,Yes,https://de.fi/rekt-database/arbix,0xd20ef93050c0943f74f5f8ff0cc97c74139d6437,False,True,0,1,0,0,0,0,0,0,0,0
BNB HEROES,BSC,0XD25631648E3AD4863332319E8E0D6F2A8EC6F267,Yes,https://de.fi/rekt-database/bnb_heroes,0xd25631648e3ad4863332319e8e0d6f2a8ec6f267,False,True,0,0,1,1,0,0,0,0,0,1
Mercenary,BSC,0XE0E279EE10E3BDC9B7577F5548DD46FCA2E7E111,Yes,https://de.fi/rekt-database/mercenary,0xe0e279ee10e3bdc9b7577f5548dd46fca2e7e111,False,True,0,1,0,0,0,0,0,0,0,0
FileSystemVideo,BSC,0XE9C7A827A4BA133B338B844C19241C864E95D75F,Yes,https://de.fi/rekt-database/filesystemvideo,0xe9c7a827a4ba133b338b844c19241c864e95d75f,False,True,0,1,0,0,0,0,0,0,0,1
DollarDoge,BSC,0X454876D97098528D83E661ED3DDF19B10E397352,Yes,https://de.fi/rekt-database/dollardoge,0x454876d97098528d83e661ed3ddf19b10e397352,False,True,1,0,0,1,0,0,0,0,0,1
Raptor2,BSC,0XC51B24E6809B4E4578BE862C4BE19D8D767755BA,Yes,https://de.fi/rekt-database/raptor2,0xc51b24e6809b4e4578be862c4be19d8d767755ba,False,True,0,0,1,0,0,0,0,0,0,0
Web3Memes,BSC,0XBAD6EA539B1B9F150D6D0B95EF4F45AF70BF0BCD,Yes,https://de.fi/rekt-database/web3memes,0xbad6ea539b1b9f150d6d0b95ef4f45af70bf0bcd,False,True,0,0,1,0,0,0,0,0,0,0
TheCatWorld,BSC,0XF22807575D019A0192395D8A5244A8BFC51D9C58,Yes,https://de.fi/rekt-database/thecatworld,0xf22807575d019a0192395d8a5244a8bfc51d9c58,False,True,0,0,0,1,0,1,0,0,0,1
Peace doge X,BSC,0X06FA8DEB5E82D2C05C7CE51F8C82E5E3DE3F2A29,Yes,https://de.fi/rekt-database/peace%20doge,0x06fa8deb5e82d2c05c7ce51f8c82e5e3de3f2a29,False,True,0,0,1,1,0,0,0,0,0,1
Elonmoon,BSC,0X6F8A43AF478C3991572D655A994CCDD6405D8CDE,Yes,https://de.fi/rekt-database/elonmoon,0x6f8a43af478c3991572d655a994ccdd6405d8cde,False,True,0,0,1,0,0,0,0,0,0,0
GHOSTP2E,BSC,0X34CB0F01489ED5D0A55F0F6D5155EFC137FCCDDB,Yes,https://de.fi/rekt-database/ghostp2e,0x34cb0f01489ed5d0a55f0f6d5155efc137fccddb,False,True,0,0,1,0,0,0,0,0,0,1
ZoroInu(Zoro),BSC,0X05AD901CF196CBDCEAB3F8E602A47AADB1A2E69D,Yes,https://skynet.certik.com/projects/zoro-inu,0x05ad901cf196cbdceab3f8e602a47aadb1a2e69d,False,True,0,0,0,1,0,0,0,0,0,1
Moonbird,BSC,0X3B23A0FFBC53198D86FA5927E8EE32F7EF699A14,Yes,https://rugdoc.io/project/moonbird-finance/,0x3b23a0ffbc53198d86fa5927e8ee32f7ef699a14,False,True,0,0,0,1,0,0,0,0,0,1
PragmaMoney,Fantom,0XFEC3A505F67136033B27618ADD93329256101B4B,Yes,https://twitter.com/CertiKAlert/status/1522323459367448576,0xfec3a505f67136033b27618add93329256101b4b,False,True,0,0,1,0,0,0,0,0,0,1
GOAT,ETH,0X74EDAF28FC4B9E6A1618D613839DAAF6A9D075DB,Yes,https://x.com/PeckShieldAlert/status/1523550360140664832,0x74edaf28fc4b9e6a1618d613839daaf6a9d075db,False,True,0,0,0,1,0,0,0,0,0,1
SHIDAO,BSC,0XC59D46CE32D8652536B5AE96DED0242E04923FD6,Yes,https://x.com/CertiKAlert/status/1529620537248567296,0xc59d46ce32d8652536b5ae96ded0242e04923fd6,False,True,0,0,1,0,0,0,0,0,0,1
Magic,BSC,0X37760475953A7B37FDCEE8D6C7506D9624565C84,Yes,https://de.fi/rekt-database/Magic,0x37760475953a7b37fdcee8d6c7506d9624565c84,False,True,0,1,1,0,0,0,0,0,1,0
SportMove,BSC,0X254433199984F5F43FFDA965D83A927635AFD300,Yes,https://de.fi/rekt-database/Sport%20Move,0x254433199984f5f43ffda965d83a927635afd300,False,True,0,0,1,0,0,1,0,0,0,1
BreedTech,BSC,0X60B10129E83451B974260918A7A8E5AE3C44512B,Yes,https://de.fi/rekt-database/BreedTech,0x60b10129e83451b974260918a7a8e5ae3c44512b,False,True,0,0,1,0,0,1,0,0,0,1
LlamaCoin,BSC,0X4D0710507B655B4038642CE0716C6E7E673C7597,Yes,https://de.fi/rekt-database/LlamaCoin,0x4d0710507b655b4038642ce0716c6e7e673c7597,False,True,0,0,1,0,0,0,0,0,0,0
FlokiMoon,BSC,0X085AC603E691217CD33EDDDF587EFF09C04AF9E1,Yes,https://de.fi/rekt-database/FlokiMoon,0x085ac603e691217cd33edddf587eff09c04af9e1,False,True,0,0,1,0,0,0,0,0,0,0
ADAF,BSC,0XDC1DCD09A17C23EE77568B4EABA16EDD3D0503A3,Yes,https://de.fi/rekt-database/ADAF,0xdc1dcd09a17c23ee77568b4eaba16edd3d0503a3,False,True,0,0,1,1,0,0,0,0,0,1
FOMODAO,BSC,0X5DD4EC212BD8E9FA42D278E09B6D6857E4ABAECA,Yes,https://de.fi/rekt-database/FOMO%20DAO,0x5dd4ec212bd8e9fa42d278e09b6d6857e4abaeca,False,True,0,0,0,0,0,0,0,1,0,0
Verify,BSC,0X3F52FF3137B52FCA2F96F41656632EE8D5E79401,Yes,https://de.fi/rekt-database/Verify,0x3f52ff3137b52fca2f96f41656632ee8d5e79401,False,True,0,0,1,0,0,0,0,0,0,1
DarkLight,BSC,0X2D1BEC79F2789A454134EFAAB9C4CAA28F3C5828,Yes,https://de.fi/rekt-database/Dark%20Light,0x2d1bec79f2789a454134efaab9c4caa28f3c5828,False,True,0,0,0,0,0,0,0,0,0,1
BabyDAO,BSC,0XF2D5D38FA88F9E2BE0830351275D0724F96B0F5F,Yes,https://de.fi/rekt-database/BabyDAO,0xf2d5d38fa88f9e2be0830351275d0724f96b0f5f,False,True,0,0,1,0,0,0,0,0,0,0
ForestTigerPro,BSC,0X486EB84E0C8469197A2F392B633C51B401ABF757,Yes,https://de.fi/rekt-database/Forest%20Tiger%20Pro,0x486eb84e0c8469197a2f392b633c51b401abf757,False,True,0,0,1,0,0,1,0,0,0,0
retawatchcoin(RTW),BSC,0XDF9427170B3AB5E26039591797B538A82391EAC2,Yes,https://de.fi/rekt-database/RETAWATCH,0xdf9427170b3ab5e26039591797b538a82391eac2,False,True,0,0,0,0,0,0,0,0,1,1
ElronToken,BSC,0XF17F7827403C166FDA782CEB17B29900D1A2AD15,Yes,https://de.fi/rekt-database/Elron%20Token,0xf17f7827403c166fda782ceb17b29900d1a2ad15,False,True,0,1,0,0,0,0,0,0,0,0
NeotericFinance,BSC,0X733A90389DB7D9C246D064A257E5652F7BE36B8A,Yes,https://de.fi/rekt-database/Neoteric%20Finance,0x733a90389db7d9c246d064a257e5652f7be36b8a,False,True,1,0,1,1,0,1,0,0,0,1
FreedomProtocol,BSC,0X880BCE9321C79CAC1D290DE6D31DDE722C606165,Yes,https://de.fi/rekt-database/Freedom%20Protocol%20%7C%20Raccoon%20Network,0x880bce9321c79cac1d290de6d31dde722c606165,False,True,0,0,1,0,0,1,0,0,0,1
RaccoonNetwork,BSC,0X371CF78DBA846E253EA3E714E4A749EA722A6258,Yes,https://de.fi/rekt-database/Freedom%20Protocol%20%7C%20Raccoon%20Network,0x371cf78dba846e253ea3e714e4a749ea722a6258,False,True,0,0,0,1,0,0,0,0,0,1
LarpFinance(LARP),ETH,0X422252B656BCB93F2C3823737BF0BEA0DA5B02AB,Yes,https://de.fi/rekt-database/LARP,0x422252b656bcb93f2c3823737bf0bea0da5b02ab,False,True,0,1,1,0,0,0,0,0,0,0
MetaverseBNQ,BSC,0X3EC24487F8511E7E5E03D069563A7ABECDAD9452,Yes,https://de.fi/rekt-database/Brand%20New%20Quest%20Metaverse,0x3ec24487f8511e7e5e03d069563a7abecdad9452,False,True,0,1,0,0,0,0,0,0,1,1
HashFree,BSC,0X7DD5B0514463F83EEA3F7AAE55361EA97B6D968C,Yes,https://de.fi/rekt-database/HashFree,0x7dd5b0514463f83eea3f7aae55361ea97b6d968c,False,True,0,0,0,0,0,0,0,0,0,1
FIOProtocol,Polygon,0X4303D63AA85574C0EADA2116791A8318D9A07F4D,Yes,https://de.fi/rekt-database/FIO%20Protocol,0x4303d63aa85574c0eada2116791a8318d9a07f4d,False,True,0,1,1,0,0,0,0,0,1,1
GEMDAO,BSC,0X1C5E99C04A1FCC474CDFDEC39B80ADD760C0C713,Yes,https://de.fi/rekt-database/GEMDAO,0x1c5e99c04a1fcc474cdfdec39b80add760c0c713,False,True,0,0,0,0,0,0,0,0,0,1
Nut2Earn,BSC,0XB4DA61B4B8F720876023812A282410705EB594F3,Yes,https://de.fi/rekt-database/Nut2Earn,0xb4da61b4b8f720876023812a282410705eb594f3,False,True,0,0,0,0,0,0,0,0,1,1
HUT,BSC,0X95914A07749D7EBBFA36753C3781371C45B2DB27,Yes,https://de.fi/rekt-database/HUT,0x95914a07749d7ebbfa36753c3781371c45b2db27,False,True,0,0,1,1,0,0,0,0,0,1
PDR,BSC,0X11FCB937052C7CDFEAC85887A6E71510FC486CFD,Yes,https://de.fi/rekt-database/PDR,0x11fcb937052c7cdfeac85887a6e71510fc486cfd,False,True,0,0,1,1,0,0,0,0,0,1
Dogioh,ETH,0X790540FF6117205AC6EF132A5782BA4F4A611355,Yes,https://de.fi/rekt-database/Dogioh,0x790540ff6117205ac6ef132a5782ba4f4a611355,False,True,0,1,0,0,0,0,0,0,1,1
ArcadeEarn,BSC,0X9D848CA913EEFB0730F54A117370F929573CDD0A,Yes,https://de.fi/rekt-database/ArcadeEarn,0x9d848ca913eefb0730f54a117370f929573cdd0a,False,True,0,0,1,0,0,1,0,0,0,1
GMT,BSC,0X59375348E069FA7E0EB58B98F72D2DEE078259C9,Yes,https://de.fi/rekt-database/GMT,0x59375348e069fa7e0eb58b98f72d2dee078259c9,False,True,0,0,0,0,0,0,0,0,0,1
MarvelMetauniverse,BSC,0X706BABD2A336FD61653CF8D13DDEEFF66CF624BF,Yes,https://de.fi/rekt-database/Marvel%20Metauniverse,0x706babd2a336fd61653cf8d13ddeeff66cf624bf,False,True,0,0,1,0,0,0,0,0,0,1
GalaxyCoin,BSC,0X2629C46C0700222A18194B5EDE91752FAB626631,Yes,https://de.fi/rekt-database/Galaxy%20Coin,0x2629c46c0700222a18194b5ede91752fab626631,False,True,0,0,0,0,0,0,0,0,0,1
Carillonium,BSC,0X2D1E3BE4DFD27D8D6C8F9568AF27E3D8EC44D4A1,Yes,https://de.fi/rekt-database/Carillonium,0x2d1e3be4dfd27d8d6c8f9568af27e3d8ec44d4a1,False,True,0,0,1,0,0,0,0,0,0,1
MetaMagicCoin,BSC,0XE62935529B59C1C9A3F5D01323F791E309B007C3,Yes,https://de.fi/rekt-database/Meta%20Magic%20Coin,0xe62935529b59c1c9a3f5d01323f791e309b007c3,False,True,0,1,0,0,0,0,0,0,1,1
Cornerchain,BSC,0XCF030EF1E14A7719AEBE2471319B5547B4F22887,Yes,https://de.fi/rekt-database/Cornerchain,0xcf030ef1e14a7719aebe2471319b5547b4f22887,False,True,0,0,1,0,0,0,0,0,0,1
TSUKA,BSC,0X4E8842F6CAF3F64037DF67C8427000DAE207F56C,Yes,https://de.fi/rekt-database/TSUKA,0x4e8842f6caf3f64037df67c8427000dae207f56c,False,True,0,0,0,0,0,0,0,1,0,0
BNQToken,BSC,0X06C61725B98F1EF191D41E6B4F1E0AA50BD465D5,Yes,https://de.fi/rekt-database/BNQ%20Token,0x06c61725b98f1ef191d41e6b4f1e0aa50bd465d5,False,True,0,0,0,0,0,0,0,0,1,0
HPD,BSC,0X70FAF21D51E663A24CFFEE1F1C22ED94C975CC7C,Yes,https://de.fi/rekt-database/HPD,0x70faf21d51e663a24cffee1f1c22ed94c975cc7c,False,True,0,0,0,0,0,0,1,0,1,0
SherLOCK,BSC,0X817B5054392199FED877E1DFDF4BDA7234691E8E,Yes,https://de.fi/rekt-database/SherLOCK,0x817b5054392199fed877e1dfdf4bda7234691e8e,False,True,0,0,1,1,0,0,0,0,0,0
TIGER,BSC,0X5F351820674CCD9203EE9B019031647F31EFD2D9,Yes,https://de.fi/rekt-database/TIGER,0x5f351820674ccd9203ee9b019031647f31efd2d9,False,True,0,0,0,0,0,0,0,0,1,0
Dollar,BSC,0X781163F0110B69DCBB2289339E3EA16D040966D5,Yes,https://de.fi/rekt-database/Dollar,0x781163f0110b69dcbb2289339e3ea16d040966d5,False,True,0,0,1,0,0,0,0,0,0,0
NWN,BSC,0X95E6823F1FC728FD34CC79C36B69935ACFC862E9,Yes,https://de.fi/rekt-database/NWN,0x95e6823f1fc728fd34cc79c36b69935acfc862e9,False,True,0,0,1,0,0,0,0,0,0,1
e-STD,BSC,0X7AA4B6937DE7118BF4C8E56F9DF3A99CEFB64C1A,Yes,https://de.fi/rekt-database/e-STD,0x7aa4b6937de7118bf4c8e56f9df3a99cefb64c1a,False,True,0,0,0,0,0,0,0,0,1,0
TheMicroElements(TME),BSC,0XD631464F596E2FF3B9FE67A0AE10F6B73637F71E,Yes,https://de.fi/rekt-database/The%20Micro%20Elements,0xd631464f596e2ff3b9fe67a0ae10f6b73637f71e,False,True,0,0,1,0,0,0,0,0,0,1
FlokiChain,BSC,0XA48D94E1CCA09C4867D710CD24F002CB6AA196D3,Yes,https://de.fi/rekt-database/FlokiChain,0xa48d94e1cca09c4867d710cd24f002cb6aa196d3,False,True,0,0,0,0,0,0,0,0,0,1
MetaF_DAO(FD),BSC,0XB5723EDF367583B28F123DD436EEF343F013D36B,Yes,https://de.fi/rekt-database/MetaFinanceDAO,0xb5723edf367583b28f123dd436eef343f013d36b,False,True,0,0,0,0,0,1,0,0,0,1
LGT,BSC,0XD21D53FA113DD5769AA1B603C296D6AE15D0044A,Yes,https://de.fi/rekt-database/LGT,0xd21d53fa113dd5769aa1b603c296d6ae15d0044a,False,True,0,0,0,0,0,0,0,0,1,0
KHABYFanToken(KFT),BSC,0XE1E17B24F32CFE85A3C1AB63F14082D70592F6EE,Yes,https://de.fi/rekt-database/KHABY%20Fan%20Token,0xe1e17b24f32cfe85a3c1ab63f14082d70592f6ee,False,True,1,0,0,0,0,0,0,0,0,1
FDB,BSC,0X18A2E0BA304112134BD407744FF0B0A03AE77327,Yes,https://de.fi/rekt-database/FDB,0x18a2e0ba304112134bd407744ff0b0a03ae77327,False,True,0,0,0,0,0,0,0,0,0,1
SHOK,BSC,0XE1F41F5F11E89C674D6C6C23899F7773322756F2,Yes,https://de.fi/rekt-database/SHOK,0xe1f41f5f11e89c674d6c6c23899f7773322756f2,False,True,0,0,1,0,0,0,0,0,0,1
DDCX,BSC,0X2A895AFAEB582B5C914DAA3DEECC08C9705C9FBC,Yes,https://de.fi/rekt-database/DDCX,0x2a895afaeb582b5c914daa3deecc08c9705c9fbc,False,True,0,0,0,0,0,0,0,1,0,0
Ranger,BSC,0XC9EFD09C8170E5CE43219967A0564A9B610E5EA2,Yes,https://www.panewslab.com/zh/sqarticledetails/3b6ha25t.html,0xc9efd09c8170e5ce43219967a0564a9b610e5ea2,False,True,0,0,0,0,0,0,0,0,1,0
TrustBridge(TWG),BSC,0X737F5942D70F8F433D65823535E7AE1DE1950D8E,Yes,https://de.fi/rekt-database/Trust%20Bridge,0x737f5942d70f8f433d65823535e7ae1de1950d8e,False,True,0,0,1,1,0,0,0,0,1,0
BGE,BSC,0XBD7AFA932F59F0E451D57BA523BA379E7545A4B3,Yes,https://de.fi/rekt-database/BGE,0xbd7afa932f59f0e451d57ba523ba379e7545a4b3,False,True,0,0,1,0,0,0,0,0,0,1
Lymex,BSC,0X448F861728F4ED28914F42B4C8C0FF70B8BD637B,Yes,https://de.fi/rekt-database/Lymex,0x448f861728f4ed28914f42b4c8c0ff70b8bd637b,False,True,0,0,1,0,0,0,0,0,0,0
BTDog,BSC,0X3E7960A0CD30DFDE3C57E071936B98C7E98C8303,Yes,https://de.fi/rekt-database/BTDOG,0x3e7960a0cd30dfde3c57e071936b98c7e98c8303,False,True,0,1,0,0,0,0,0,0,1,0
DeFiSafe(dSafe),BSC,0X761776F726168C9DF6DC63D5864880801E21F403,Yes,https://de.fi/rekt-database/DeFi%20Safe,0x761776f726168c9df6dc63d5864880801e21f403,False,True,0,0,0,0,0,0,0,0,0,1
LotterySwap(LOTTO),BSC,0X605CFB514A2845902E17ED3C9416BD461E3F2E1B,Yes,https://de.fi/rekt-database/Lottery%20Swap,0x605cfb514a2845902e17ed3c9416bd461e3f2e1b,False,True,0,0,0,0,0,0,0,0,1,0
FairCoin(Fair),BSC,0XC5C24CB9177A130128FB15B0B0A74A502974F379,Yes,https://de.fi/rekt-database/Fair%20Token,0xc5c24cb9177a130128fb15b0b0a74a502974f379,False,True,0,0,1,0,0,0,0,0,0,1
SpaceCat(SCAT),BSC,0X22A681B2B57050AB42CB4A426D56A733C6CA859A,Yes,https://de.fi/rekt-database/SCAT,0x22a681b2b57050ab42cb4a426d56a733c6ca859a,False,True,1,0,1,0,0,0,0,0,0,0
HLG,BSC,0X10F9CCB9CFCA4AD48BC9256C22ADE8303CF5E95E,Yes,https://de.fi/rekt-database/HLG,0x10f9ccb9cfca4ad48bc9256c22ade8303cf5e95e,False,True,0,0,1,0,0,0,0,0,0,1
NWTToken,BSC,0X2C44C71DF4DBD3634E43AB0BC6DCB809D5286443,Yes,https://de.fi/rekt-database/NWT%20Token,0x2c44c71df4dbd3634e43ab0bc6dcb809d5286443,False,True,0,0,0,0,0,0,0,0,0,1
Cezar,BSC,0X71C349EECC025F1B618F7674AD5EFCB9DDA135E9,Yes,https://de.fi/rekt-database/Cezar%20Hard%20Fork,0x71c349eecc025f1b618f7674ad5efcb9dda135e9,False,True,0,0,1,1,0,0,0,0,0,0
Artificialintelligencerobot(AIT),BSC,0XD5B33544D03F54F4E4556FE6CC53254C4FF43EF7,Yes,https://de.fi/rekt-database/Artificial%20intelligence%20robot,0xd5b33544d03f54f4e4556fe6cc53254c4ff43ef7,False,True,0,0,0,0,0,0,0,0,0,1
Fake PIToken,Polygon,0X0022167E3B9F409E1FF6BB206EC6B276C372B277,Yes,https://de.fi/rekt-database/Fake PIToken,0x0022167e3b9f409e1ff6bb206ec6b276c372b277,False,True,0,0,0,1,0,0,0,0,0,0
Lifeform (fake),ETH,0X829D2578AA1B013665E421AE894D055DA2120CC8,Yes,https://de.fi/rekt-database/Lifeform (fake),0x829d2578aa1b013665e421ae894d055da2120cc8,False,True,1,0,1,0,0,0,0,0,0,0
NovaMind,ETH,0X9CB6DD255A6BBE32130CE645EC45C0A3E9D87A4A,Yes,https://de.fi/rekt-database/NovaMind,0x9cb6dd255a6bbe32130ce645ec45c0a3e9d87a4a,False,True,0,0,1,0,0,0,0,0,0,0
SAGA (Fake),BSC,0X77FBA84956AD63713652DDD1A574AD2C8F1BCDCF,Yes,https://de.fi/rekt-database/SAGA (Fake),0x77fba84956ad63713652ddd1a574ad2c8f1bcdcf,False,True,0,1,1,0,0,0,0,0,0,1
Fake Ethena Labs,BSC,0XC2902F4B0C0B7EBAE02AD1D85676C3AFBB3D25B9,Yes,https://de.fi/rekt-database/Fake Ethena Labs,0xc2902f4b0c0b7ebae02ad1d85676c3afbb3d25b9,False,True,0,0,0,0,0,0,0,1,0,0
Fake EigenLayer,ETH,0X1A4F05BD24C95147608657C26CD931C7B246CD21,Yes,https://de.fi/rekt-database/Fake EigenLayer,0x1a4f05bd24c95147608657c26cd931c7b246cd21,False,True,1,0,0,0,0,0,0,0,0,0
Fake Polyhedra Network,ETH,0XE5295855523C5802FEB6D70105CF00BFE8F9C832,Yes,https://de.fi/rekt-database/Fake Polyhedra Network,0xe5295855523c5802feb6d70105cf00bfe8f9c832,False,True,0,0,0,1,0,0,0,0,0,0
OrdiZK,ETH,0XB4FC1FC74EFFA5DC15A031EB8159302CFA4F1288,Yes,https://de.fi/rekt-database/OrdiZK,0xb4fc1fc74effa5dc15a031eb8159302cfa4f1288,False,True,0,0,1,0,0,0,0,0,0,0
Ore,ETH,0X7B6FF2312C22177458B24A441A0B2BF9528DAC57,Yes,https://de.fi/rekt-database/Ore,0x7b6ff2312c22177458b24a441a0b2bf9528dac57,False,True,0,1,0,0,0,0,0,0,0,0
LongNoseDog,BSC,0XFAE06DE70E34D7390F1826DBFC7253E4328F29A5,Yes,https://de.fi/rekt-database/LongNoseDog,0xfae06de70e34d7390f1826dbfc7253e4328f29a5,False,True,0,0,0,0,0,0,0,1,0,0
Xai,BSC,0X1D152E6352493FCE07F17A90823CD21C51815C81,Yes,https://de.fi/rekt-database/Xai,0x1d152e6352493fce07f17a90823cd21c51815c81,False,True,0,1,0,0,0,0,0,0,0,0
Do Right,BSC,0X920A7CBD0B5AED31827385783E7AF245331CA9EE,Yes,https://de.fi/rekt-database/Do Right,0x920a7cbd0b5aed31827385783e7af245331ca9ee,False,True,0,1,0,0,0,0,0,0,0,1
stoicDAO,ETH,0XB281D84989C06E2A6CCDC5EA7BF1663C79A1C31A,Yes,https://de.fi/rekt-database/stoicDAO,0xb281d84989c06e2a6ccdc5ea7bf1663c79a1c31a,False,True,0,0,0,0,0,1,0,0,0,0
Abattoir of Zir,ETH,0X1A59BE240AA89685145967322DFAB3EBA7E574DB,Yes,https://de.fi/rekt-database/Abattoir of Zir,0x1a59be240aa89685145967322dfab3eba7e574db,False,True,0,1,0,0,0,0,0,0,0,0
CKD TOKEN,BSC,0X583E9B5EBB7B67157F7817CE3D57A2604FC83881,Yes,https://de.fi/rekt-database/CKD TOKEN,0x583e9b5ebb7b67157f7817ce3d57a2604fc83881,False,True,0,1,1,1,0,0,0,0,0,0
CoinPanda_ETH,ETH,0XBBDCE1ED0986106E9EFCA252A1B24AAF6C34876C,Yes,https://de.fi/rekt-database/CoinPanda_ETH,0xbbdce1ed0986106e9efca252a1b24aaf6c34876c,False,True,0,1,1,0,0,0,0,0,0,0
MYX Finance,ETH,0X6FE3E5D5459D7FD7AA7B6AB15C4EFDD7164944C8,Yes,https://de.fi/rekt-database/MYX Finance,0x6fe3e5d5459d7fd7aa7b6ab15c4efdd7164944c8,False,True,0,0,0,0,0,0,0,1,0,0
AssetClub,ETH,0XE2FBCB75746D30B836BEF7FA8E29F84E4190E79B,Yes,https://de.fi/rekt-database/AssetClub,0xe2fbcb75746d30b836bef7fa8e29f84e4190e79b,False,True,0,0,0,0,0,0,0,1,0,0
Expanso,ETH,0XA26B031AD7DD0EF0DF4D6AF983B3B77EFFBDBC86,Yes,https://de.fi/rekt-database/Expanso,0xa26b031ad7dd0ef0df4d6af983b3b77effbdbc86,False,True,0,0,0,0,0,0,0,1,0,0
Changpeng Zhao,BSC,0X7AB51257164F6E9E6ED932AA676E3E6479F1B732,Yes,https://de.fi/rekt-database/Changpeng Zhao,0x7ab51257164f6e9e6ed932aa676e3e6479f1b732,False,True,0,1,0,0,0,0,0,0,0,0
AISurf,BSC,0X564A4F365C9A60617ED0947893A2C23B0B79E8C2,Yes,https://de.fi/rekt-database/AISurf,0x564a4f365c9a60617ed0947893a2c23b0b79e8c2,False,True,0,0,0,0,0,0,0,1,0,0
PAPABEAR,BSC,0X90F06678589C5A5CA2BC7424506A393BAA2E76F8,Yes,https://de.fi/rekt-database/PAPABEAR,0x90f06678589c5a5ca2bc7424506a393baa2e76f8,False,True,0,0,0,0,0,0,0,1,0,0
RepubliK,BSC,0XA024FCEAF429CA78B0B2A18FD274FBE229B1ED0E,Yes,https://de.fi/rekt-database/RepubliK,0xa024fceaf429ca78b0b2a18fd274fbe229b1ed0e,False,True,0,0,0,0,0,0,0,1,0,0
DigiFund,BSC,0XD4ACE1E96AC89A4612C12BB0BCADBD29D1EAB19C,Yes,https://de.fi/rekt-database/DigiFund,0xd4ace1e96ac89a4612c12bb0bcadbd29d1eab19c,False,True,0,0,0,0,0,0,0,1,0,0
IPMB,BSC,0XB11D8DD1D5A13BBDD80C8C3E9C28F7ABD6714FAB,Yes,https://de.fi/rekt-database/IPMB,0xb11d8dd1d5a13bbdd80c8c3e9c28f7abd6714fab,False,True,0,0,0,0,0,0,0,1,0,0
Creso,BSC,0X1300E8702240429A4F3F66CB6AB2DEF51C0A2EE7,Yes,https://de.fi/rekt-database/Creso,0x1300e8702240429a4f3f66cb6ab2def51c0a2ee7,False,True,0,0,0,0,0,0,0,1,0,0
Web,BSC,0XC6E8B0A6249E51B5B55B85AF847EF884517604D6,Yes,https://de.fi/rekt-database/Web,0xc6e8b0a6249e51b5b55b85af847ef884517604d6,False,True,0,0,0,0,0,0,0,1,0,0
GigaDAO,BSC,0X2530AB5B6508B3167494D57612613F68E11D8080,Yes,https://de.fi/rekt-database/GigaDAO,0x2530ab5b6508b3167494d57612613f68e11d8080,False,True,0,0,0,0,0,0,0,1,0,0
DarkProtocol,BSC,0X106AABCDE28B1C6FD93ED99A5AE12DFC31813629,Yes,https://de.fi/rekt-database/DarkProtocol,0x106aabcde28b1c6fd93ed99a5ae12dfc31813629,False,True,0,0,0,0,0,0,0,1,0,0
TrustPad,BSC,0XF9333D7A78F00BA4AEA964043D577C34AF2497F8,Yes,https://de.fi/rekt-database/TrustPad,0xf9333d7a78f00ba4aea964043d577c34af2497f8,False,True,0,0,0,0,0,0,0,1,0,0
Builders NFT,BSC,0XDE0CF62D54A53F2C72A345BEA4C0E9B6158F0662,Yes,https://de.fi/rekt-database/Builders NFT,0xde0cf62d54a53f2c72a345bea4c0e9b6158f0662,False,True,0,0,0,0,0,0,0,1,0,0
MEMEPAD,ETH,0X51348A7C3969E670B1763D4B1C17441804EA001D,Yes,https://de.fi/rekt-database/MEMEPAD,0x51348a7c3969e670b1763d4b1c17441804ea001d,False,True,0,1,1,0,0,0,0,0,0,0
Openfabric AI,BSC,0X91F8A9975604110C27630EFAA069D3F6A4B844E7,Yes,https://de.fi/rekt-database/Openfabric AI,0x91f8a9975604110c27630efaa069d3f6a4b844e7,False,True,0,0,0,0,0,0,0,1,0,0
L7 DEX,BSC,0X8B1D897AE48A0F6EE118EAE829F2C1C8D48E44B7,Yes,https://de.fi/rekt-database/L7 DEX,0x8b1d897ae48a0f6ee118eae829f2c1c8d48e44b7,False,True,0,0,0,0,0,0,0,1,0,0
IVY,BSC,0XF99F2AEC50ADFDE23CC67AB6240168B0A59F1D30,Yes,https://de.fi/rekt-database/IVY,0xf99f2aec50adfde23cc67ab6240168b0a59f1d30,False,True,0,0,1,0,0,0,0,0,1,0
2049,BSC,0X996F581341881A796481916C6B3F34F1B74FFCDF,Yes,https://de.fi/rekt-database/2049,0x996f581341881a796481916c6b3f34f1b74ffcdf,False,True,0,0,0,0,0,0,0,1,0,0
MarbleX,BSC,0X30D79364DDC7C4A88A8DC753389FABD4FCDE6B04,Yes,https://de.fi/rekt-database/MarbleX,0x30d79364ddc7c4a88a8dc753389fabd4fcde6b04,False,True,0,0,0,0,0,0,0,1,0,0
CommEX,BSC,0XD1C3EE0F845BCC38A8CB9DC5337DFD5A372BB8ED,Yes,https://de.fi/rekt-database/CommEX,0xd1c3ee0f845bcc38a8cb9dc5337dfd5a372bb8ed,False,True,0,0,0,1,0,0,0,0,0,0
EigenLayer,BSC,0X14AC066AC2CD24CBDE31F78659C11F13AB61E4E7,Yes,https://de.fi/rekt-database/EigenLayer,0x14ac066ac2cd24cbde31f78659c11f13ab61e4e7,False,True,0,1,0,0,0,0,0,0,0,0
DUO,BSC,0X1ED990BDCAEF4B13B01F4996DDE59ECD04F1343A,Yes,https://de.fi/rekt-database/DUO,0x1ed990bdcaef4b13b01f4996dde59ecd04f1343a,False,True,0,0,0,1,0,0,0,0,0,0
BNBpay,BSC,0XADD62696DB2C2FB7DE8E0F07F422E03BF69646A2,Yes,https://de.fi/rekt-database/BNBpay,0xadd62696db2c2fb7de8e0f07f422e03bf69646a2,False,True,0,0,0,1,0,0,0,0,0,0
Yzer Token,ETH,0XCBB391907A492A1E721BB16AE0563243E2B71987,Yes,https://de.fi/rekt-database/Yzer Token,0xcbb391907a492a1e721bb16ae0563243e2b71987,False,True,0,0,1,0,0,0,0,0,0,0
Boost Coin,ETH,0X302CAE5DCF8F051D0177043C3438020B89B33218,Yes,https://de.fi/rekt-database/Boost Coin,0x302cae5dcf8f051d0177043c3438020b89b33218,False,True,0,0,1,1,0,0,0,0,0,0
Symbiosis,ETH,0XBE862864614FB652E663EA82FC3ADEAD65E73D29,Yes,https://de.fi/rekt-database/Symbiosis,0xbe862864614fb652e663ea82fc3adead65e73d29,False,True,1,0,0,0,0,0,0,0,0,0
Kizuna AI,ETH,0X15D5FED8F86732EFEC2C62E94AE8D434ADD7AF1E,Yes,https://de.fi/rekt-database/Kizuna AI,0x15d5fed8f86732efec2c62e94ae8d434add7af1e,False,True,0,0,1,0,0,0,0,0,0,1
Hachiko,ETH,0X7BFEBD989EF62F7F794D9936908565DA42FA6D70,Yes,https://de.fi/rekt-database/Hachiko,0x7bfebd989ef62f7f794d9936908565da42fa6d70,False,True,0,0,0,1,0,0,0,0,0,0
LayerZero,BSC,0X2266362F414BF2476C5465DC2EA953FE2A99AE1C,Yes,https://de.fi/rekt-database/LayerZero,0x2266362f414bf2476c5465dc2ea953fe2a99ae1c,False,True,0,1,0,0,0,0,0,0,0,0
Frontfanz,BSC,0X1F373733ED5D6999908EA80B69B2D9CD2D63D98B,Yes,https://de.fi/rekt-database/Frontfanz,0x1f373733ed5d6999908ea80b69b2d9cd2d63d98b,False,True,0,0,0,0,0,0,0,1,0,0
Friend Tech,ETH,0X2CF82A3AD32AA580110278022A6493B631044BEF,Yes,https://de.fi/rekt-database/Friend Tech,0x2cf82a3ad32aa580110278022a6493b631044bef,False,True,0,1,0,0,0,0,0,0,0,0
Snake EYes,ETH,0X56D7E6A12F56DFCA75FBB3F62B6F647F56F63445,Yes,https://de.fi/rekt-database/Snake EYes,0x56d7e6a12f56dfca75fbb3f62b6f647f56f63445,False,True,0,0,0,1,0,0,0,0,0,0
Jigsaw saw you,ETH,0XC58713AB4F62000AD9A59A913C97B89BB8F62282,Yes,https://de.fi/rekt-database/Jigsaw saw you,0xc58713ab4f62000ad9a59a913c97b89bb8f62282,False,True,0,0,0,1,0,0,0,0,0,0
Gladiator,ETH,0XE9C28E4F233D3C64E2274E75701952EF35696D47,Yes,https://de.fi/rekt-database/Gladiator,0xe9c28e4f233d3c64e2274e75701952ef35696d47,False,True,0,0,0,1,0,0,0,0,0,0
KUKUCoin,ETH,0X593A3E0037C18237E153F9D00797926866EE923D,Yes,https://de.fi/rekt-database/KUKUCoin,0x593a3e0037c18237e153f9d00797926866ee923d,False,True,0,1,0,0,0,0,0,0,0,0
CIRCLE (fake),BSC,0X84EF2E2E977062DA3CFC12C038FA3CE2D42D01B1,Yes,https://de.fi/rekt-database/CIRCLE (fake),0x84ef2e2e977062da3cfc12c038fa3ce2d42d01b1,False,True,0,0,0,1,0,0,0,0,0,0
GGBOND,ETH,0XF6AF193B542CE3FD00F120A49E1A5C343F74CF4A,Yes,https://de.fi/rekt-database/GGBOND,0xf6af193b542ce3fd00f120a49e1a5c343f74cf4a,False,True,0,0,1,1,0,0,0,0,0,0
Coin,ETH,0X517AC17DBCD76F97C994DFE3D322F0C2FF9EDA17,Yes,https://de.fi/rekt-database/Coin,0x517ac17dbcd76f97c994dfe3d322f0c2ff9eda17,False,True,0,0,1,0,0,0,0,0,0,0
Plankton Plankton,ETH,0X7A1ABB5B9BAAB8D971A318800DD43C8FB91B37BA,Yes,https://de.fi/rekt-database/Plankton Plankton,0x7a1abb5b9baab8d971a318800dd43c8fb91b37ba,False,True,0,0,0,1,0,0,0,0,0,0
Tommy VICE CITY,ETH,0X19273D7F057A0ED9AE63D3FA025A852C5A430829,Yes,https://de.fi/rekt-database/Tommy VICE CITY,0x19273d7f057a0ed9ae63d3fa025a852c5a430829,False,True,1,0,0,0,0,0,0,0,0,0
LK-99 Protocol,ETH,0X883E2496DF47C07C7F2987691F99D491328D98C1,Yes,https://de.fi/rekt-database/LK-99 Protocol,0x883e2496df47c07c7f2987691f99d491328d98c1,False,True,1,0,0,0,0,0,0,0,0,0
DeriTrade,BSC,0X738EA75B01D8DB931B4374C6EBD3DE82D7D3A272,Yes,https://de.fi/rekt-database/DeriTrade,0x738ea75b01d8db931b4374c6ebd3de82d7d3a272,False,True,0,1,0,0,0,0,0,0,0,0
Satori,BSC,0X6DF52FC4C234600D2D1F064C33BE762146964BB1,Yes,https://de.fi/rekt-database/Satori,0x6df52fc4c234600d2d1f064c33be762146964bb1,False,True,0,0,0,1,0,0,0,0,0,0
One For The Books,ETH,0X2A763105E8ABF596F9FB1A3FD07E776A26720B08,Yes,https://de.fi/rekt-database/One For The Books,0x2a763105e8abf596f9fb1a3fd07e776a26720b08,False,True,1,0,0,0,0,0,0,0,0,0
Majin Buu,ETH,0XF746D527336E299CE53E2ED337C2668D6CFB7C5E,Yes,https://de.fi/rekt-database/Majin Buu,0xf746d527336e299ce53e2ed337c2668d6cfb7c5e,False,True,1,0,0,0,0,0,0,0,0,0
RAIDEN GOD Thunder,ETH,0X13E9E6160B3E48CFC07B6B8C0AEED2EF3CC66BC9,Yes,https://de.fi/rekt-database/RAIDEN GOD Thunder,0x13e9e6160b3e48cfc07b6b8c0aeed2ef3cc66bc9,False,True,1,0,0,0,0,0,0,0,0,0
Hu Tao Spirit Soother,ETH,0XC29284EF3551767B37A2CCBD54CFCBD30384B58C,Yes,https://de.fi/rekt-database/Hu Tao Spirit Soother,0xc29284ef3551767b37a2ccbd54cfcbd30384b58c,False,True,1,0,0,0,0,0,0,0,0,0
zkSync Copycat,BSC,0X8F2775E4BE08055C7DD4EBF654628B183106A8E1,Yes,https://de.fi/rekt-database/zkSync Copycat,0x8f2775e4be08055c7dd4ebf654628b183106a8e1,False,True,0,0,0,1,0,0,0,0,0,0
Terk The Gorilla,ETH,0XEA05110CE800719CC041E5FE79490AF0D94D803F,Yes,https://de.fi/rekt-database/Terk The Gorilla,0xea05110ce800719cc041e5fe79490af0d94d803f,False,True,1,0,0,0,0,0,0,0,0,0
Bare Bear,ETH,0X9D41227C99C75CCCBF4FC65CB3585A5798E77009,Yes,https://de.fi/rekt-database/Bare Bear,0x9d41227c99c75cccbf4fc65cb3585a5798e77009,False,True,1,0,0,0,0,0,0,0,0,0
ROACH RACE,ETH,0XAC17A40635C3C3F824562B77E79CE2F5C5295BED,Yes,https://de.fi/rekt-database/ROACH RACE,0xac17a40635c3c3f824562b77e79ce2f5c5295bed,False,True,0,0,1,0,0,0,0,0,0,0
Popeye the Sailor,ETH,0X0F5DD8D652B3910FEEBF6DAE75DF794A35E2FD93,Yes,https://de.fi/rekt-database/Popeye the Sailor,0x0f5dd8d652b3910feebf6dae75df794a35e2fd93,False,True,1,0,0,0,0,0,0,0,0,0
Kaonashi the Faceless,ETH,0X3EB4FC424FAB9100A64C87DC19602ED03CB1B4B3,Yes,https://de.fi/rekt-database/Kaonashi the Faceless,0x3eb4fc424fab9100a64c87dc19602ed03cb1b4b3,False,True,1,0,0,0,0,0,0,0,0,0
AORcoin,BSC,0X8E404E8CACE57DDB2E18978FDCC44753338F363A,Yes,https://de.fi/rekt-database/AORcoin,0x8e404e8cace57ddb2e18978fdcc44753338f363a,False,True,0,0,1,0,0,1,0,0,0,0
Wettok Market,BSC,0XCED59C3249F20CA36FBA764BFDD9D94F471B3154,Yes,https://de.fi/rekt-database/Wettok Market,0xced59c3249f20ca36fba764bfdd9d94f471b3154,False,True,0,1,0,0,0,0,0,0,0,0
Gandalf The Grey,ETH,0XF419707B7C8CC13FA2803E8AA57F248B20510319,Yes,https://de.fi/rekt-database/Gandalf The Grey,0xf419707b7c8cc13fa2803e8aa57f248b20510319,False,True,1,0,0,0,0,0,0,0,0,0
Scooby Pepe,ETH,0X8E2AADA8069C2FCE1139DE697870E83F4145A8AB,Yes,https://de.fi/rekt-database/Scooby Pepe,0x8e2aada8069c2fce1139de697870e83f4145a8ab,False,True,1,0,0,0,0,0,0,0,0,0
Toothless - How to train meme,ETH,0X807A7F15E3AA1B2188C71AB744369D422B2DE3AF,Yes,https://de.fi/rekt-database/Toothless - How to train meme,0x807a7f15e3aa1b2188c71ab744369d422b2de3af,False,True,1,0,0,0,0,0,0,0,0,0
Patex,BSC,0X231B69254D48DE6E96C395100B3D9BCE8D658E49,Yes,https://de.fi/rekt-database/Patex,0x231b69254d48de6e96c395100b3d9bce8d658e49,False,True,0,0,0,1,0,0,0,0,0,0
ROBIN HOOD,ETH,0X5DB5BBD56BD5B5BD456B537B6759A768EA2883DE,Yes,https://de.fi/rekt-database/ROBIN HOOD,0x5db5bbd56bd5b5bd456b537b6759a768ea2883de,False,True,1,0,0,0,0,0,0,0,0,0
MOJO,ETH,0XB330C402506B61BA6E351DA7D217C4BB52364333,Yes,https://de.fi/rekt-database/MOJO,0xb330c402506b61ba6e351da7d217c4bb52364333,False,True,1,0,1,0,0,0,0,0,0,0
DMD,BSC,0XDD63525FAB69A97224962A076A642BFCF0714F2E,Yes,https://de.fi/rekt-database/DMD,0xdd63525fab69a97224962a076a642bfcf0714f2e,False,True,0,0,0,0,0,0,0,0,0,1
PAULY,ETH,0XF1F8444B084D8D92F121EC4194AB8EDDBC74CDC8,Yes,https://de.fi/rekt-database/PAULY,0xf1f8444b084d8d92f121ec4194ab8eddbc74cdc8,False,True,0,1,0,0,0,0,0,0,0,0
Agent Smith,ETH,0XE9BE1172E2A12DEADA42FD397FF8D4D9ED227A30,Yes,https://de.fi/rekt-database/Agent Smith,0xe9be1172e2a12deada42fd397ff8d4d9ed227a30,False,True,0,1,0,0,0,0,0,0,0,0
AI C-3PO,ETH,0XA2036F15F47D6C85D9A9338390496032B9823CE5,Yes,https://de.fi/rekt-database/AI C-3PO,0xa2036f15f47d6c85d9a9338390496032b9823ce5,False,True,0,1,0,0,0,0,0,0,0,0
fren,ETH,0X37941B3FDB2BD332E667D452A58BE01BCACB923E,Yes,https://de.fi/rekt-database/fren,0x37941b3fdb2bd332e667d452a58be01bcacb923e,False,True,0,0,1,0,0,0,0,0,0,0
The Onigiri Neko,ETH,0XB4615AAD766F6DE3C55330099E907FF7F13F1582,Yes,https://de.fi/rekt-database/The Onigiri Neko,0xb4615aad766f6de3c55330099e907ff7f13f1582,False,True,0,0,1,0,0,0,0,0,0,0
Jar Jar Binks,ETH,0X1EE508008B30248AC6B077DF6904CFCA4C63785B,Yes,https://de.fi/rekt-database/Jar Jar Binks,0x1ee508008b30248ac6b077df6904cfca4c63785b,False,True,0,1,0,0,0,0,0,0,0,0
ZUCK,ETH,0X70730A580C7DC0A635029AED8DD5EDB7D150AF4A,Yes,https://de.fi/rekt-database/ZUCK,0x70730a580c7dc0a635029aed8dd5edb7d150af4a,False,True,0,0,1,0,0,0,0,0,0,0
PEPEHUB,ETH,0XC3C51C071E5F1ECA09575AC35E90956AE3B27311,Yes,https://de.fi/rekt-database/PEPEHUB,0xc3c51c071e5f1eca09575ac35e90956ae3b27311,False,True,0,1,0,0,0,0,0,0,0,0
MIKE and SID Tokens,ETH,0X8B99BB8DDD8103CBECCC3B20C4B0038CA65A51AE,Yes,https://de.fi/rekt-database/MIKE and SID Tokens,0x8b99bb8ddd8103cbeccc3b20c4b0038ca65a51ae,False,True,0,1,0,0,0,0,0,0,0,0
DubaiCEO,ETH,0X4876C5892D975780405F1B73802221B2850FEB8E,Yes,https://de.fi/rekt-database/DubaiCEO,0x4876c5892d975780405f1b73802221b2850feb8e,False,True,0,1,0,0,0,0,0,0,0,0
ArchWay Fake,BSC,0XE6EFF43CA45B23470E36C9148F1BEB24CA38D572,Yes,https://de.fi/rekt-database/ArchWay Fake,0xe6eff43ca45b23470e36c9148f1beb24ca38d572,False,True,0,0,1,1,0,1,0,0,0,0
mCoin,BSC,0X6D86F0A41C3966CEF8EA139648DB707E912563C9,Yes,https://de.fi/rekt-database/mCoin,0x6d86f0a41c3966cef8ea139648db707e912563c9,False,True,0,1,1,0,0,0,0,0,0,0
Beamsplittr,ETH,0X05C9B6764A153FAF4262D3885A845AF694775953,Yes,https://de.fi/rekt-database/Beamsplittr,0x05c9b6764a153faf4262d3885a845af694775953,False,True,0,1,0,1,0,0,0,0,0,0
EthBread Token,BSC,0XC84E1748376781C09703C1292D9DD659EBFC0C8B,Yes,https://de.fi/rekt-database/EthBread Token,0xc84e1748376781c09703c1292d9dd659ebfc0c8b,False,True,0,0,0,1,0,0,0,0,0,0
Greatest Of All Time (GOAT),ETH,0XCC63F8F2DEF2202F928B594FF80D8BA30D447D7E,Yes,https://de.fi/rekt-database/Greatest Of All Time (GOAT),0xcc63f8f2def2202f928b594ff80d8ba30d447d7e,False,True,0,1,0,0,0,0,0,0,0,0
GUIDO The Mechanics,ETH,0X7907C5172ED24EB569F0C45141CE4E27851B9146,Yes,https://de.fi/rekt-database/GUIDO The Mechanics,0x7907c5172ed24eb569f0c45141ce4e27851b9146,False,True,0,1,0,0,0,0,0,0,0,0
BAT Token,BSC,0XBD2F6B7A19F2449675F7432D29D1DC1150CCD08F,Yes,https://de.fi/rekt-database/BAT Token,0xbd2f6b7a19f2449675f7432d29d1dc1150ccd08f,False,True,0,0,1,0,0,0,0,0,0,0
SpaceX Copycat,ETH,0X3BB1C03E4ED495ACD60476211859729DC579502F,Yes,https://de.fi/rekt-database/SpaceX Copycat,0x3bb1c03e4ed495acd60476211859729dc579502f,False,True,0,0,0,1,0,0,0,0,0,0
ETE Token,BSC,0X367F87879BB49117CC0D0E92EC65BB2AABB2B823,Yes,https://de.fi/rekt-database/ETE Token,0x367f87879bb49117cc0d0e92ec65bb2aabb2b823,False,True,0,0,1,0,0,0,0,0,0,0
OkayLetsGo,ETH,0X5DBB9F64CD96E2DBBCA58D14863D615B67B42F2E,Yes,https://de.fi/rekt-database/OkayLetsGo,0x5dbb9f64cd96e2dbbca58d14863d615b67b42f2e,False,True,0,0,1,0,0,0,0,0,0,0
SCT Token,BSC,0X4EE98216499B81A9942E7AA77970B68C792FF679,Yes,https://de.fi/rekt-database/SCT Token,0x4ee98216499b81a9942e7aa77970b68c792ff679,False,True,0,0,0,1,0,0,0,0,0,0
MoveCash,BSC,0XF3DBDF718667874E19EF368721A10409345FC218,Yes,https://de.fi/rekt-database/MoveCash,0xf3dbdf718667874e19ef368721a10409345fc218,False,True,0,0,1,0,0,0,0,0,0,0
POOPEPE token,ETH,0X36206DEBFAF4C686BE01E5E68FDEA66D09B4319A,Yes,https://de.fi/rekt-database/POOPEPE token,0x36206debfaf4c686be01e5e68fdea66d09b4319a,False,True,0,1,0,1,0,0,0,0,0,0
BitPaid,BSC,0X40F75ED09C7BC89BF596CE0FF6FB2FF8D02AC019,Yes,https://de.fi/rekt-database/BitPaid,0x40f75ed09c7bc89bf596ce0ff6fb2ff8d02ac019,False,True,0,1,0,0,0,0,0,0,0,0
GN,ETH,0XC5019E129B75D380D3D837B8E609DEC6C8F5D044,Yes,https://de.fi/rekt-database/GN,0xc5019e129b75d380d3d837b8e609dec6c8f5d044,False,True,0,0,1,1,0,0,0,0,0,0
fcdep,BSC,0X66FFF5BB007C4885A00FC14BDB1EEE389B804EF7,Yes,https://de.fi/rekt-database/fcdep,0x66fff5bb007c4885a00fc14bdb1eee389b804ef7,False,True,0,1,0,1,0,0,0,0,0,0
Pepe Coin,BSC,0X79879C0A8B949458DFA60CA7A8DF24F59E42BB1B,Yes,https://de.fi/rekt-database/Pepe Coin,0x79879c0a8b949458dfa60ca7a8df24f59e42bb1b,False,True,0,1,0,0,0,0,0,1,0,0
ANT Token,BSC,0XD029FDBF7B826C97982F3DABE4F930D9148363FE,Yes,https://de.fi/rekt-database/ANT Token,0xd029fdbf7b826c97982f3dabe4f930d9148363fe,False,True,0,0,0,0,0,0,0,1,0,0
Move token,BSC,0XED0624512D6D4C8E6B1335D5039B53E82400E037,Yes,https://de.fi/rekt-database/Move token,0xed0624512d6d4c8e6b1335d5039b53e82400e037,False,True,0,0,1,1,0,0,0,0,0,0
ChainGPT,BSC,0X6E70EE54564298E7F1DC0523F8190AEF8529EBBF,Yes,https://de.fi/rekt-database/ChainGPT,0x6e70ee54564298e7f1dc0523f8190aef8529ebbf,False,True,0,1,0,0,0,0,0,1,0,0
Iwr token,BSC,0XB9934562D37E5A6C883DE7CE54D6FEBB36DCBFDA,Yes,https://de.fi/rekt-database/Iwr token,0xb9934562d37e5a6c883de7ce54d6febb36dcbfda,False,True,0,0,1,0,0,0,0,0,0,1
Theory Craft Fames,BSC,0X5459B93A1BDF9CB027E70CDF7BFC450E41FDF326,Yes,https://de.fi/rekt-database/Theory Craft Fames,0x5459b93a1bdf9cb027e70cdf7bfc450e41fdf326,False,True,0,0,0,1,0,0,0,0,0,0
XCAD,BSC,0X2F8726192D599806E1EABBED1687E48E38E56489,Yes,https://de.fi/rekt-database/XCAD,0x2f8726192d599806e1eabbed1687e48e38e56489,False,True,0,0,0,1,0,0,0,0,0,0
PCORE,BSC,0X76D44D2D4056B48C30A2EEACBD1583D3C7087A6D,Yes,https://de.fi/rekt-database/PCORE,0x76d44d2d4056b48c30a2eeacbd1583d3c7087a6d,False,True,0,0,1,1,0,0,0,0,0,0
Script Token,BSC,0XD4AC227EB1A4C0384AAE06F7808F08BB8F516EBF,Yes,https://de.fi/rekt-database/Script Token,0xd4ac227eb1a4c0384aae06f7808f08bb8f516ebf,False,True,0,0,0,1,0,0,0,0,0,0
Arbitrum token,BSC,0X62DFDB6E54B4E876E5E7003A71097DDD5AFFAA05,Yes,https://de.fi/rekt-database/Arbitrum token,0x62dfdb6e54b4e876e5e7003a71097ddd5affaa05,False,True,0,0,0,0,0,0,0,1,0,0
BWR,BSC,0X0725A39120E3987DC88856800C409260286616C2,Yes,https://de.fi/rekt-database/BWR,0x0725a39120e3987dc88856800c409260286616c2,False,True,0,0,1,1,0,0,0,0,0,1
Finance,BSC,0X636CC5D886F928C2E33D0D52B0FCAE0155CBCE25,Yes,https://de.fi/rekt-database/Finance,0x636cc5d886f928c2e33d0d52b0fcae0155cbce25,False,True,0,0,0,1,0,0,0,0,0,0
DESTINY Protocol,BSC,0X673246C704B6BA3982549230E9B05ACF07C255B6,Yes,https://de.fi/rekt-database/DESTINY Protocol,0x673246c704b6ba3982549230e9b05acf07c255b6,False,True,0,0,1,1,0,0,0,0,0,1
EC token,BSC,0XE7A4D4669AD6B445F213E213768D0673C2637795,Yes,https://de.fi/rekt-database/EC token,0xe7a4d4669ad6b445f213e213768d0673c2637795,False,True,0,0,1,0,0,0,0,0,0,0
Project culs,BSC,0XC31ABB4BE8D38772B90B46BE7E88F84CFE08CEF9,Yes,https://de.fi/rekt-database/Project culs,0xc31abb4be8d38772b90b46be7e88f84cfe08cef9,False,True,0,0,1,0,0,0,0,0,0,0
APPLE,BSC,0X8F81BBC8CD2484B252E8288528CF2EC903619369,Yes,https://de.fi/rekt-database/APPLE,0x8f81bbc8cd2484b252e8288528cf2ec903619369,False,True,0,0,1,0,0,0,0,0,0,0
SpaceID,BSC,0X8993BB142C1BE4DD22C1F79B3A68B18852B55AAD,Yes,https://de.fi/rekt-database/SpaceID,0x8993bb142c1be4dd22c1f79b3a68b18852b55aad,False,True,0,0,0,0,0,0,0,0,0,1
LightLink token,BSC,0X44CE3A2E98125C1C370BEB6FBA6E8BC19CAB3FD9,Yes,https://de.fi/rekt-database/LightLink token,0x44ce3a2e98125c1c370beb6fba6e8bc19cab3fd9,False,True,0,0,0,1,0,0,0,0,0,0
Sloth Climb,BSC,0XBCC1AE526D8BEBAB02AF19945A866DDC0DF80F37,Yes,https://de.fi/rekt-database/Sloth Climb,0xbcc1ae526d8bebab02af19945a866ddc0df80f37,False,True,0,0,0,0,0,0,0,1,0,0
Block Chain Games,BSC,0X6185521D06F17AB5FBE187DC9A699C3C021090D5,Yes,https://de.fi/rekt-database/Block Chain Games,0x6185521d06f17ab5fbe187dc9a699c3c021090d5,False,True,0,0,0,0,0,0,0,1,0,0
ProTradeX,BSC,0XA73835D6337719F316AD66F3C11AC6CC9BCF7B07,Yes,https://de.fi/rekt-database/ProTradeX,0xa73835d6337719f316ad66f3c11ac6cc9bcf7b07,False,True,0,0,1,1,0,0,0,0,0,0
Hex Trust Token,BSC,0X0003018BA02BACAFC28CD8926D4A46A4BB20D76A,Yes,https://de.fi/rekt-database/Hex Trust Token,0x0003018ba02bacafc28cd8926d4a46a4bb20d76a,False,True,1,1,0,0,0,0,0,0,0,0
JNB Token,BSC,0X9119E3F30C18B9E6B16AB6589534391E5E4A5653,Yes,https://de.fi/rekt-database/JNB Token,0x9119e3f30c18b9e6b16ab6589534391e5e4a5653,False,True,0,0,1,0,0,0,0,0,0,1
MOON Token,BSC,0X5A6B8DAD072BB9257DCD6B3125126C0637AA2F0A,Yes,https://de.fi/rekt-database/MOON Token,0x5a6b8dad072bb9257dcd6b3125126c0637aa2f0a,False,True,0,0,0,1,0,0,0,0,0,0
OBB Token,BSC,0XD23B64DBD334D12C38F09CC9EB23350AA1034C30,Yes,https://de.fi/rekt-database/OBB Token,0xd23b64dbd334d12c38f09cc9eb23350aa1034c30,False,True,0,0,1,1,0,0,0,0,0,0
Coin Merge,ETH,0XC48B4814FAED1CCC885DD6FDE62A6474AECBB19A,Yes,https://de.fi/rekt-database/Coin Merge,0xc48b4814faed1ccc885dd6fde62a6474aecbb19a,False,True,0,0,0,1,0,0,0,0,0,0
Dreams Come True,BSC,0X48A0B5F2D0F36598F470334F4FE21900BF2BF71B,Yes,https://de.fi/rekt-database/Dreams Come True,0x48a0b5f2d0f36598f470334f4fe21900bf2bf71b,False,True,0,0,1,0,0,1,0,0,0,0
SUI Token,BSC,0X29BB058CC9F11EC778A6691A4EA4C54186837112,Yes,https://de.fi/rekt-database/SUI Token,0x29bb058cc9f11ec778a6691a4ea4c54186837112,False,True,1,1,0,0,0,0,0,0,0,0
Zodiac Credit,BSC,0X436F510A72F7972996B07DC2EDEAFA26308539E7,Yes,https://de.fi/rekt-database/Zodiac Credit,0x436f510a72f7972996b07dc2edeafa26308539e7,False,True,0,0,1,1,0,0,0,0,0,0
ROT Token,BSC,0XC631A358C9EF5DA18144A185B7122735D4C04BE9,Yes,https://de.fi/rekt-database/ROT Token,0xc631a358c9ef5da18144a185b7122735d4c04be9,False,True,0,0,0,1,0,0,0,0,0,0
DOXED,BSC,0XEDA3EB7A5494443BEB800CD4CC70388228CEE84E,Yes,https://de.fi/rekt-database/DOXED,0xeda3eb7a5494443beb800cd4cc70388228cee84e,False,True,0,0,1,1,0,1,0,0,0,0
Dictum Exchange,Arbitrum,0XFD808D72761AD2423F100C53AA2F2C7F133DEF0A,Yes,https://de.fi/rekt-database/Dictum Exchange,0xfd808d72761ad2423f100c53aa2f2c7f133def0a,False,True,0,0,0,0,0,0,0,1,0,0
Snowflake,BSC,0XE0F463832295ADF63EB6CA053413A3F9CD8BF685,Yes,https://de.fi/rekt-database/Snowflake,0xe0f463832295adf63eb6ca053413a3f9cd8bf685,False,True,0,1,0,0,0,0,0,0,0,0
BTC-por,BSC,0X7E20FEC0E64E81E4B9812BD4886CD1FD3AD4DF45,Yes,https://de.fi/rekt-database/BTC-por,0x7e20fec0e64e81e4b9812bd4886cd1fd3ad4df45,False,True,0,0,1,1,0,0,0,0,0,1
Safuu Protocol,BSC,0XE5BA47FD94CB645BA4119222E34FB33F59C7CD90,Yes,https://de.fi/rekt-database/Safuu Protocol,0xe5ba47fd94cb645ba4119222e34fb33f59c7cd90,False,True,0,0,0,1,0,0,0,0,0,0
TTTT,BSC,0X374DF15933567E9B3EF19361D64B708519D31695,Yes,https://de.fi/rekt-database/TTTT,0x374df15933567e9b3ef19361d64b708519d31695,False,True,0,0,1,0,0,0,0,0,0,0
A6 Token,BSC,0XE77D77309027C71F006DFF5D2F1B76060F4F5F13,Yes,https://de.fi/rekt-database/A6 Token,0xe77d77309027c71f006dff5d2f1b76060f4f5f13,False,True,0,0,1,1,0,0,0,0,0,0
Freeway,ETH,0X20E7125677311FCA903A8897042B9983F22EA295,Yes,https://de.fi/rekt-database/Freeway,0x20e7125677311fca903a8897042b9983f22ea295,False,True,0,0,0,0,0,0,0,1,0,0
Easier,BSC,0X82B558C60FC4D1E12862B0D8FAD693AE81ABA48C,Yes,https://de.fi/rekt-database/Easier,0x82b558c60fc4d1e12862b0d8fad693ae81aba48c,False,True,0,1,0,0,0,0,0,0,0,0
Lets Go Farming Token,ETH,0X4EADBFE053DCECDF13E51DC5E429305BE6A802D3,Yes,https://de.fi/rekt-database/Lets Go Farming Token,0x4eadbfe053dcecdf13e51dc5e429305be6a802d3,False,True,0,0,1,0,0,0,0,0,0,0
Hunter Doge,BSC,0X1D7F3BCD965BFD03EEC6942F283516708BB448A9,Yes,https://de.fi/rekt-database/Hunter Doge,0x1d7f3bcd965bfd03eec6942f283516708bb448a9,False,True,0,0,0,0,0,0,0,1,0,0
F*ck The Merge,ETH,0X3F2807F783C394641A9FD1BBB568B5FCBEC25575,Yes,https://de.fi/rekt-database/F*ck The Merge,0x3f2807f783c394641a9fd1bbb568b5fcbec25575,False,True,1,1,0,0,0,0,0,0,0,0
World Cup,BSC,0X4A3C2BE1CAA3CB7E0A2C34B11B383FB82DA5162F,Yes,https://de.fi/rekt-database/World Cup,0x4a3c2be1caa3cb7e0a2c34b11b383fb82da5162f,False,True,0,0,1,0,0,0,0,0,0,0
APE,ETH,0X40E0A6EF9DBADFC83C5E0D15262FEB4638588D77,Yes,https://de.fi/rekt-database/APE,0x40e0a6ef9dbadfc83c5e0d15262feb4638588d77,False,True,0,0,1,0,0,0,0,0,0,0
ArenaPlayAPC,BSC,0X2AA504586D6CAB3C59FA629F74C586D78B93A025,Yes,https://de.fi/rekt-database/ArenaPlayAPC,0x2aa504586d6cab3c59fa629f74c586d78b93a025,False,True,0,0,0,1,0,0,0,0,0,0
SHADE INU Token,BSC,0X24676EA2799AC6131E77BCD627CB27DEE5C43D7E,Yes,https://de.fi/rekt-database/SHADE INU Token,0x24676ea2799ac6131e77bcd627cb27dee5c43d7e,False,True,0,0,0,0,0,0,0,0,0,1
Meta Apes,BSC,0X208CFEC94D2BA8B8537DA7A9BB361C6BAAD77272,Yes,https://de.fi/rekt-database/Meta Apes,0x208cfec94d2ba8b8537da7a9bb361c6baad77272,False,True,0,1,0,1,0,0,0,0,0,0
ACC TOKEN,BSC,0X5DC53496E8DD50887785D75D432CBA6A86F82CAD,Yes,https://de.fi/rekt-database/ACC TOKEN,0x5dc53496e8dd50887785d75d432cba6a86f82cad,False,True,0,0,1,1,0,0,0,0,0,0
DOGETAMA,ETH,0X25E44E0250F0492C188918F2D726B4861263EF5B,Yes,https://de.fi/rekt-database/DOGETAMA,0x25e44e0250f0492c188918f2d726b4861263ef5b,False,True,0,0,1,0,0,0,0,0,0,0
HyperVerse,BSC,0XAAFA10755B3B1DBF46E86D973C3F27F3671ED9DB,Yes,https://de.fi/rekt-database/HyperVerse,0xaafa10755b3b1dbf46e86d973c3f27f3671ed9db,False,True,0,1,0,0,0,0,0,0,0,0
AutobotDefi,Fantom,0X27C828E9F972DC907BCEA3D87F194C6B533D808D,Yes,https://de.fi/rekt-database/AutobotDefi,0x27c828e9f972dc907bcea3d87f194c6b533d808d,False,True,0,1,0,1,0,0,0,0,0,0
ElectronDAO,Polygon,0X9943107D6FC813A257C7CEB63EE4BC238E49CFB8,Yes,https://de.fi/rekt-database/ElectronDAO,0x9943107d6fc813a257c7ceb63ee4bc238e49cfb8,False,True,0,1,0,0,0,0,0,0,0,0
Meta Pets,ETH,0X17CD80AA8F4AED7C403E4C6B9C2CD3FABEF09D99,Yes,https://de.fi/rekt-database/Meta Pets,0x17cd80aa8f4aed7c403e4c6b9c2cd3fabef09d99,False,True,0,0,1,1,0,1,0,0,0,1
Squid Game,BSC,0X87230146E138D3F296A9A77E497A2A83012E9BC5,Yes,https://de.fi/rekt-database/Squid Game,0x87230146e138d3f296a9a77e497a2a83012e9bc5,False,True,0,0,0,0,0,0,0,1,0,0
AnubisDAO,ETH,0X507586012A126421C3669A64B8393FFFA9C44462,Yes,https://de.fi/rekt-database/AnubisDAO,0x507586012a126421c3669a64b8393fffa9c44462,False,True,0,1,0,0,0,0,0,0,0,0
Daughter Doge Revenge Token,BSC,0X20B9FFD06D32EAEE94EDCD9098DB01B2D13D4C61,Yes,https://de.fi/rekt-database/Daughter Doge Revenge Token,0x20b9ffd06d32eaee94edcd9098db01b2d13d4c61,False,True,0,1,0,0,0,0,0,0,0,0
Boon Tech,ETH,0XE83E098EEDB43B33D340D4757529E5A2C4EE3230,Yes,https://de.fi/rekt-database/Boon Tech,0xe83e098eedb43b33d340d4757529e5a2c4ee3230,False,True,0,0,0,1,0,0,0,0,0,0
BlockChain of Things,ETH,0X0CD7CA934C174F43B2C69683ED302DB0F5CF199E,Yes,https://de.fi/rekt-database/BlockChain of Things,0x0cd7ca934c174f43b2c69683ed302db0f5cf199e,False,True,0,1,1,1,0,0,0,0,0,0
PolyHomerToken,Polygon,0XEB9126D215F8C87B7DD864B3011FBB46260BCBE6,Yes,https://de.fi/rekt-database/PolyHomerToken,0xeb9126d215f8c87b7dd864b3011fbb46260bcbe6,False,True,0,1,0,0,0,0,0,0,0,0
TrollFace,BSC,0XEA27688726A94C21180A300484D55A791F993FC6,Yes,https://de.fi/rekt-database/TrollFace,0xea27688726a94c21180a300484d55a791f993fc6,False,True,0,1,0,0,0,0,0,0,0,0
EOS,ETH,0X86FA049857E0209AA7D9E616F7EB3B3B78ECFDB0,Yes,https://de.fi/rekt-database/EOS,0x86fa049857e0209aa7d9e616f7eb3b3b78ecfdb0,False,True,0,1,0,0,0,0,0,0,0,0
Valorant Finance,BSC,0X7D0A7C00F9BB62AAF2C811C56716AB96AD216546,Yes,https://de.fi/rekt-database/Valorant Finance,0x7d0a7c00f9bb62aaf2c811c56716ab96ad216546,False,True,0,0,1,0,0,0,0,0,0,0
PolyGoose Token,Polygon,0XB81EA7581AA24C4CA0E8FC99918DA7AE60139A87,Yes,https://de.fi/rekt-database/PolyGoose Token,0xb81ea7581aa24c4ca0e8fc99918da7ae60139a87,False,True,0,1,1,0,0,0,0,0,0,1
Cheetah Token,Polygon,0XC0AF9CC9826E541489D02C0D2FA6ECA0FE517E20,Yes,https://de.fi/rekt-database/Cheetah Token,0xc0af9cc9826e541489d02c0d2fa6eca0fe517e20,False,True,0,1,0,1,0,0,0,0,0,0
Stonks Token,BSC,0XB966150C7A0150ED4EA979E04F18D109301AAB95,Yes,https://de.fi/rekt-database/Stonks Token,0xb966150c7a0150ed4ea979e04f18d109301aab95,False,True,0,0,0,1,0,0,0,0,0,1
Golden Bar Farm,BSC,0XDEC72BBC3365646FE0267FC08CD05F79C4BE0060,Yes,https://de.fi/rekt-database/Golden Bar Farm,0xdec72bbc3365646fe0267fc08cd05f79c4be0060,False,True,0,1,0,0,0,0,0,0,0,0
Fire Swap,BSC,0X359EF5F20C07B1F8E76C69399789FC7D4FFAC912,Yes,https://de.fi/rekt-database/Fire Swap,0x359ef5f20c07b1f8e76c69399789fc7d4ffac912,False,True,0,0,0,1,0,0,0,0,0,1
Polysafemoon,Polygon,0XFD99FC6C75BF49C8DE18CC706C478B7349FE2777,Yes,https://de.fi/rekt-database/Polysafemoon,0xfd99fc6c75bf49c8de18cc706c478b7349fe2777,False,True,0,1,1,1,0,0,0,0,0,1
Mortal Kombat,BSC,0X26A1C3449A43C13F72452247996F904707D5E91D,Yes,https://de.fi/rekt-database/Mortal Kombat,0x26a1c3449a43c13f72452247996f904707d5e91d,False,True,1,0,0,0,0,0,0,0,0,0
Dragonfly,BSC,0XAD2FC798C6FF076545BC023FBD0FA43633AD4DF9,Yes,https://de.fi/rekt-database/Dragonfly,0xad2fc798c6ff076545bc023fbd0fa43633ad4df9,False,True,0,0,0,0,0,0,0,0,0,1
WindSwap,BSC,0XAFAD6387E0B83D73EB758A05F4D2E70DD54E2228,Yes,https://de.fi/rekt-database/WindSwap,0xafad6387e0b83d73eb758a05f4d2e70dd54e2228,False,True,1,1,0,0,0,0,0,0,0,0
Demeter Chain,ETH,0XEA04C94ED49327CB52B142EB3AA1C2A656E9A5BC,Yes,https://de.fi/rekt-database/Demeter Chain,0xea04c94ed49327cb52b142eb3aa1c2a656e9a5bc,False,True,0,1,0,0,0,1,0,0,0,0
Elongate Deluxe,ETH,0X348B7F3106B5DA47405332534D06069FF9CE4D1B,Yes,https://de.fi/rekt-database/Elongate Deluxe,0x348b7f3106b5da47405332534d06069ff9ce4d1b,False,True,0,0,0,1,0,0,0,0,0,1
StableMagnet,BSC,0XCD734B1F9B0B976DDC46E507D0AA51A4216A1E98,Yes,https://de.fi/rekt-database/StableMagnet,0xcd734b1f9b0b976ddc46e507d0aa51a4216a1e98,False,True,1,1,0,0,0,0,0,0,0,0
Delicacy DeFi,BSC,0X66B32CEE882D82A897A1F6102A18DA5AF6F01F6F,Yes,https://de.fi/rekt-database/Delicacy DeFi,0x66b32cee882d82a897a1f6102a18da5af6f01f6f,False,True,0,1,0,0,0,0,0,0,0,0
DEFI100,BSC,0X9D8AAC497A4B8FE697DD63101D793F0C6A6EEBB6,Yes,https://de.fi/rekt-database/DEFI100,0x9d8aac497a4b8fe697dd63101d793f0c6a6eebb6,False,True,0,0,1,1,0,0,0,0,0,0
Fairmoon,BSC,0XCA578AFEE65FD2268D383F8FC4A9FC6AE1D2DEF0,Yes,https://de.fi/rekt-database/Fairmoon,0xca578afee65fd2268d383f8fc4a9fc6ae1d2def0,False,True,0,0,1,1,0,0,0,0,0,0
Static,ETH,0XF006E192878146ECC5F1FDEE02AF19713076F862,Yes,https://de.fi/rekt-database/Static,0xf006e192878146ecc5f1fdee02af19713076f862,False,True,0,0,0,1,0,0,0,0,0,1
NeedForSpeed Finance,ETH,0X77B97372D1FEB50F79A9212FED50E3DAF0EB44DB,Yes,https://de.fi/rekt-database/NeedForSpeed Finance,0x77b97372d1feb50f79a9212fed50e3daf0eb44db,False,True,0,0,0,1,0,0,0,0,0,0
YZY DAO,ETH,0X6CA2CC52BB2CB67DD952E73B8786EB3A368B484C,Yes,https://de.fi/rekt-database/YZY DAO,0x6ca2cc52bb2cb67dd952e73b8786eb3a368b484c,False,True,0,0,0,1,0,0,0,0,0,0
Horizon Finance,BSC,0XA0A81B5A8CAEDDDB0E6C81D3E07AAA4EA5314452,Yes,https://de.fi/rekt-database/Horizon Finance,0xa0a81b5a8caedddb0e6c81d3e07aaa4ea5314452,False,True,1,0,1,1,0,0,0,0,0,0
Turtledex,BSC,0XFF8888D4F46ED54BBBABF554D81B65EF3596B12C,Yes,https://de.fi/rekt-database/Turtledex,0xff8888d4f46ed54bbbabf554d81b65ef3596b12c,False,True,0,1,0,1,0,0,0,0,0,0
Dragonswap,BSC,0X105B81A13ECBB92773A7B9854D125CB7478B8340,Yes,https://de.fi/rekt-database/Dragonswap,0x105b81a13ecbb92773a7b9854d125cb7478b8340,False,True,0,1,0,0,0,0,0,0,0,0
LaserSwap Cash,BSC,0XED741DB80BA7C18454E674B8230364511782F5FA,Yes,https://de.fi/rekt-database/LaserSwap Cash,0xed741db80ba7c18454e674b8230364511782f5fa,False,True,1,0,0,0,0,0,0,0,0,0
Contribute Protocol,ETH,0XF776E108E50560075F69B6754CAE708975E74A2C,Yes,https://de.fi/rekt-database/Contribute Protocol,0xf776e108e50560075f69b6754cae708975e74a2c,False,True,0,0,0,1,0,0,0,0,0,1
DiceSwap,BSC,0X730E05BFBF01BB578887E1F87DF2B58FD908A6BF,Yes,https://de.fi/rekt-database/DiceSwap,0x730e05bfbf01bb578887e1f87df2b58fd908a6bf,False,True,0,1,0,0,0,0,0,0,0,0
KoiSwap,BSC,0X5CA6B72FA6FF2D27B941C0956F0808D9BBA2EFF9,Yes,https://de.fi/rekt-database/KoiSwap,0x5ca6b72fa6ff2d27b941c0956f0808d9bba2eff9,False,True,0,1,0,0,0,0,0,0,0,0
MoltenSwap,BSC,0X35BC82C530E3B80DC038AFE2B721723F99047A8D,Yes,https://de.fi/rekt-database/MoltenSwap,0x35bc82c530e3b80dc038afe2b721723f99047a8d,False,True,0,1,0,0,0,0,0,0,0,0
Meerkat Finance,BSC,0XC65F62D372AA50E99B2A564DDB418A6BC84FAA15,Yes,https://de.fi/rekt-database/Meerkat Finance,0xc65f62d372aa50e99b2a564ddb418a6bc84faa15,False,True,0,1,0,0,0,0,0,0,0,0
Mars Farm,BSC,0XA9BA5A49AE258788B5DA7985926AD6C71BEAF879,Yes,https://de.fi/rekt-database/Mars Farm,0xa9ba5a49ae258788b5da7985926ad6c71beaf879,False,True,1,0,1,0,0,0,0,0,0,0
Thunder Finance,BSC,0XD7526B3E1CB8C32900B51C4BD8CDA85872407B20,Yes,https://de.fi/rekt-database/Thunder Finance,0xd7526b3e1cb8c32900b51c4bd8cda85872407b20,False,True,1,0,1,0,0,0,0,0,0,0
Wallstreetswap Finance,BSC,0X2DC38868A9215A1347C6FD8480D4A127DA4812EB,Yes,https://de.fi/rekt-database/Wallstreetswap Finance,0x2dc38868a9215a1347c6fd8480d4a127da4812eb,False,True,0,1,0,0,0,0,0,0,0,0
NoNAME,ETH,0X09FF2267EDA5F1E99DB5B0DDD85555A7B46C76BB,Yes,https://de.fi/rekt-database/NoNAME,0x09ff2267eda5f1e99db5b0ddd85555a7b46c76bb,False,True,0,1,0,0,0,0,0,0,0,0
Sakura DeFi,ETH,0XF05731DF070AD8E6058D07E620E2F50BFA78E4C2,Yes,https://de.fi/rekt-database/Sakura DeFi,0xf05731df070ad8e6058d07e620e2f50bfa78e4c2,False,True,0,1,0,0,0,0,0,0,0,0
Tranquility Defi,ETH,0X0BB033ED58BD5D19BC732249BCD8FCEFF53AEDF6,Yes,https://de.fi/rekt-database/Tranquility Defi,0x0bb033ed58bd5d19bc732249bcd8fceff53aedf6,False,True,0,0,0,1,0,0,0,0,0,0
Orbit Swap,BSC,0XC993E816A84F7FF5F988EA660A043E877E297AF6,Yes,https://de.fi/rekt-database/Orbit Swap,0xc993e816a84f7ff5f988ea660a043e877e297af6,False,True,0,1,0,0,0,0,0,0,0,0
Tin Finance,BSC,0XD248537D601F8E062DD36C8E7D26302D51CC653A,Yes,https://de.fi/rekt-database/Tin Finance,0xd248537d601f8e062dd36c8e7d26302d51cc653a,False,True,0,1,0,0,0,0,0,0,0,0
PopcornSwap,BSC,0XA532C7FC2C912DB822DBDC14A020C7F1B62B5141,Yes,https://de.fi/rekt-database/PopcornSwap,0xa532c7fc2c912db822dbdc14a020c7f1b62b5141,False,True,0,1,0,0,0,0,0,0,0,0
Elastic Staking,ETH,0X88F639186AEE2FC903DA4FE5742DF35B760225E8,Yes,https://de.fi/rekt-database/Elastic Staking,0x88f639186aee2fc903da4fe5742df35b760225e8,False,True,1,0,0,0,0,0,0,0,0,0
Game Swap Exchange,ETH,0X681B24478E9F7E31EE3B5B7F807C9151E46AA165,Yes,https://de.fi/rekt-database/Game Swap Exchange,0x681b24478e9f7e31ee3b5b7f807c9151e46aa165,False,True,1,0,0,0,0,0,0,0,0,0
WOLF Protocol,ETH,0X3CCF0306D214B6AD4E8315C5C31A2B7F32B649D8,Yes,https://de.fi/rekt-database/WOLF Protocol,0x3ccf0306d214b6ad4e8315c5c31a2b7f32b649d8,False,True,1,0,0,0,0,0,0,0,0,0
Nifity,ETH,0X44436DAD31D1AD018312A3EB7586103AC638E1E7,Yes,https://de.fi/rekt-database/Nifity,0x44436dad31d1ad018312a3eb7586103ac638e1e7,False,True,0,1,0,0,0,0,0,0,0,0
Rbase Finance,ETH,0XE8B251822D003A2B2466EE0E38391C2DB2048739,Yes,https://de.fi/rekt-database/Rbase Finance,0xe8b251822d003a2b2466ee0e38391c2db2048739,False,True,0,0,0,0,0,0,0,1,0,0
Bio Farm,ETH,0XAE8F1356EC073ACCDD4BF5914D37A44DFD954A0D,Yes,https://de.fi/rekt-database/Bio Farm,0xae8f1356ec073accdd4bf5914d37a44dfd954a0d,False,True,0,1,0,0,0,0,0,0,0,0
Dipex,ETH,0XBCE67604C08C4839980C32485657F63211C73E14,Yes,https://de.fi/rekt-database/Dipex,0xbce67604c08c4839980c32485657f63211c73e14,False,True,1,0,0,0,0,0,0,0,0,0
Xdef finance,ETH,0X1B0E620FFE9D4880B934925BCAA0B13306658BED,Yes,https://de.fi/rekt-database/Xdef finance,0x1b0e620ffe9d4880b934925bcaa0b13306658bed,False,True,0,0,0,0,0,0,0,1,0,0
Slicer Finance,ETH,0X1DAFAC57C2F74CBC2736486309A009880CE4CBFC,Yes,https://de.fi/rekt-database/Slicer Finance,0x1dafac57c2f74cbc2736486309a009880ce4cbfc,False,True,0,1,0,0,0,0,0,0,0,0
GrowBase Finance,ETH,0XAE47FDAA99E9B9413805605AF4B979A82E24CC59,Yes,https://de.fi/rekt-database/GrowBase Finance,0xae47fdaa99e9b9413805605af4b979a82e24cc59,False,True,0,0,0,1,0,0,0,0,0,0
Mother of All Ponzis,ETH,0XE5FB5FEBBEF64588DCBA54AEB643D05A8ED02B91,Yes,https://de.fi/rekt-database/Mother of All Ponzis,0xe5fb5febbef64588dcba54aeb643d05a8ed02b91,False,True,0,1,0,0,0,0,0,0,0,0
Decentralized Privacy,ETH,0X8E8FE3ADD2AB97DEE73636D87D7CFF113FD09746,Yes,https://de.fi/rekt-database/Decentralized Privacy,0x8e8fe3add2ab97dee73636d87d7cff113fd09746,False,True,0,1,0,0,0,0,0,0,0,0
Prophet Project,ETH,0XD7D84E9DF527882149D9C5908A3937107724B325,Yes,https://de.fi/rekt-database/Prophet Project,0xd7d84e9df527882149d9c5908a3937107724b325,False,True,0,0,1,0,0,0,0,0,0,0
Overbase Finance,ETH,0XE202529BC704D6297A53D60933616803678E2644,Yes,https://de.fi/rekt-database/Overbase Finance,0xe202529bc704d6297a53d60933616803678e2644,False,True,0,0,0,1,0,0,0,0,0,0
Potatos Finance,BSC,0XEB0035F39525319C5CDD814DE3459E185243DD94,Yes,https://de.fi/rekt-database/Potatos Finance,0xeb0035f39525319c5cdd814de3459e185243dd94,False,True,0,1,0,0,0,0,0,0,0,0
UnlimitedBase Finance,ETH,0X2FE06398BEDBAD27CBFCBB399EB616629540EB4D,Yes,https://de.fi/rekt-database/UnlimitedBase Finance,0x2fe06398bedbad27cbfcbb399eb616629540eb4d,False,True,0,0,0,1,0,0,0,0,0,0
TRBAS3,ETH,0X43EB8277B06EC9A6B6EA32953C2AC34C18C44D02,Yes,https://de.fi/rekt-database/TRBAS3,0x43eb8277b06ec9a6b6ea32953c2ac34c18c44d02,False,True,1,0,0,0,0,0,0,0,0,0
Reflation,ETH,0XDC65D31B94DBC5188EE5E01C22618537E5E86BAC,Yes,https://de.fi/rekt-database/Reflation,0xdc65d31b94dbc5188ee5e01c22618537e5e86bac,False,True,0,0,0,0,0,0,0,1,0,0
CREW,ETH,0XF212F5F479801606E4EEE5ECB150D09CD16320F3,Yes,https://de.fi/rekt-database/CREW,0xf212f5f479801606e4eee5ecb150d09cd16320f3,False,True,0,1,0,0,0,0,0,0,0,0
YFFS Finance,ETH,0X90D702F071D2AF33032943137AD0AB4280705817,Yes,https://de.fi/rekt-database/YFFS Finance,0x90d702f071d2af33032943137ad0ab4280705817,False,True,0,0,1,1,0,0,0,0,0,0
DEFIBase,ETH,0X154F0DCE06EB0E7EA5D6CF1BC70039CA22B5FB17,Yes,https://de.fi/rekt-database/DEFIBase,0x154f0dce06eb0e7ea5d6cf1bc70039ca22b5fb17,False,True,0,0,0,1,0,0,0,0,0,0
GoldenFarm,BSC,0X1D5FAB22D056428CAE676AA11C0D5F31647B69E6,Yes,https://de.fi/rekt-database/GoldenFarm,0x1d5fab22d056428cae676aa11c0d5f31647b69e6,False,True,0,1,0,0,0,0,0,0,0,0
CoinSWOP,ETH,0X191BAFE4E3888EC289753C7D592634E3ABE1EE14,Yes,https://de.fi/rekt-database/CoinSWOP,0x191bafe4e3888ec289753c7d592634e3abe1ee14,False,True,0,1,0,0,0,0,0,0,0,0
Twerk Finance,ETH,0XF0B47EE3D3BDBEF94999B2B8F4B81A52FBE2E3ED,Yes,https://de.fi/rekt-database/Twerk Finance,0xf0b47ee3d3bdbef94999b2b8f4b81a52fbe2e3ed,False,True,0,1,1,0,0,0,0,0,0,0
Ba5ic finance,ETH,0XCD6C56A778681A969AED4EA09DCB2AD8D81D4D36,Yes,https://de.fi/rekt-database/Ba5ic finance,0xcd6c56a778681a969aed4ea09dcb2ad8d81d4d36,False,True,1,0,0,0,0,0,0,0,0,0
Solv3 network,ETH,0XA2FFFDC6EFB2B76109519F23D84D3F6122E1D639,Yes,https://de.fi/rekt-database/Solv3 network,0xa2fffdc6efb2b76109519f23d84d3f6122e1d639,False,True,0,0,1,0,0,0,0,0,0,0
Compounder Finance,ETH,0X7EF1081ECC8B5B5B130656A41D4CE4F89DBBCC8C,Yes,https://de.fi/rekt-database/Compounder Finance,0x7ef1081ecc8b5b5b130656a41d4ce4f89dbbcc8c,False,True,0,1,0,0,0,0,0,0,0,0
Yearnspace,ETH,0X93A8B61C4707EFE76A88CAE8DC226D9BF77E9405,Yes,https://de.fi/rekt-database/Yearnspace,0x93a8b61c4707efe76a88cae8dc226d9bf77e9405,False,True,0,1,0,0,0,0,0,0,0,0
Hype Bet,ETH,0XF6BCF98EBE20AB7B68B3D703652E0029115B4A7A,Yes,https://de.fi/rekt-database/Hype Bet,0xf6bcf98ebe20ab7b68b3d703652e0029115b4a7a,False,True,0,1,1,0,0,0,0,0,0,0
Hypechill fund,ETH,0X0FE5FDF01B48008DC68FC32E8FB7E0D93CA99BC5,Yes,https://de.fi/rekt-database/Hypechill fund,0x0fe5fdf01b48008dc68fc32e8fb7e0d93ca99bc5,False,True,0,0,1,0,0,0,0,0,0,0
Cover protocol,ETH,0X5A7A0AD8D92FBEEE4A9A68D35CD29FE248CAD790,Yes,https://de.fi/rekt-database/Cover protocol,0x5a7a0ad8d92fbeee4a9a68d35cd29fe248cad790,False,True,0,1,1,0,0,0,0,0,0,0
ELLA,ETH,0X0BC7127B00F232DE924F683F9340E01A9650D533,Yes,https://de.fi/rekt-database/ELLA,0x0bc7127b00f232de924f683f9340e01a9650d533,False,True,0,1,0,0,0,0,0,0,0,0
Deriswap,ETH,0X846D152216146C77C81AF3A1657790ED8BA69281,Yes,https://de.fi/rekt-database/Deriswap,0x846d152216146c77c81af3a1657790ed8ba69281,False,True,0,0,0,0,0,0,0,1,0,0
Rotex,ETH,0X079DE196D5E8BABCA45F7D621FE0127F4DC753D9,Yes,https://de.fi/rekt-database/Rotex,0x079de196d5e8babca45f7d621fe0127f4dc753d9,False,True,0,1,0,0,0,0,0,0,0,0
Compasswap Token,BSC,0X073BCC5E45263077F4269CD126905333564B852C,Yes,https://de.fi/rekt-database/Compasswap Token,0x073bcc5e45263077f4269cd126905333564b852c,False,True,0,1,0,0,0,0,0,0,0,0
Rubick Finance,ETH,0X960A223F27B474DE35F05B27210CC62CF7BDB1EB,Yes,https://de.fi/rekt-database/Rubick Finance,0x960a223f27b474de35f05b27210cc62cf7bdb1eb,False,True,0,1,1,0,0,0,0,0,0,0
MTI Finance,ETH,0X86D3F38EDAF7E7959E5D8E6AEA5AD3187B78C346,Yes,https://de.fi/rekt-database/MTI Finance,0x86d3f38edaf7e7959e5d8e6aea5ad3187b78c346,False,True,0,1,0,0,0,0,0,0,0,0
SAV3R,ETH,0XDF8AB83A6E4B868D140808810B0875FD1CDC2417,Yes,https://de.fi/rekt-database/SAV3R,0xdf8ab83a6e4b868d140808810b0875fd1cdc2417,False,True,0,1,0,0,0,0,0,0,0,0
Walletreum,ETH,0X15BCDFAD12498DE8A922E62442AE4CC4BD33BD25,Yes,https://de.fi/rekt-database/Walletreum,0x15bcdfad12498de8a922e62442ae4cc4bd33bd25,False,True,0,1,0,0,0,0,0,0,0,0
CYBER SOLIDITY,ETH,0X14F8D4FF4348FD42A976A67A017C86B434A63853,Yes,https://de.fi/rekt-database/CYBER SOLIDITY,0x14f8d4ff4348fd42a976a67a017c86b434a63853,False,True,0,0,1,0,0,0,0,0,0,0
POKeFARM,ETH,0X61129781BDB5468B1BC4476FC696AC5EF06FA5F0,Yes,https://de.fi/rekt-database/POKeFARM,0x61129781bdb5468b1bc4476fc696ac5ef06fa5f0,False,True,0,0,0,0,0,0,0,1,0,0
Pump Farm,ETH,0X6B4B3B0B0130C9B4DDA7C6FB4602BEEFBBF10672,Yes,https://de.fi/rekt-database/Pump Farm,0x6b4b3b0b0130c9b4dda7c6fb4602beefbbf10672,False,True,0,1,0,0,0,0,0,0,0,0
Relay3rV1,ETH,0XF771733A465441437ECF64FF410E261516C7C5F3,Yes,https://de.fi/rekt-database/Relay3rV1,0xf771733a465441437ecf64ff410e261516c7c5f3,False,True,0,1,1,0,0,0,0,0,0,0
Star Swap,ETH,0X9867A6C0847829E93FB6FBB19667083CB5D1AF93,Yes,https://de.fi/rekt-database/Star Swap,0x9867a6c0847829e93fb6fbb19667083cb5d1af93,False,True,0,1,0,0,0,0,0,0,0,0
YFFC,ETH,0XEA004E8FA3701B8E58E41B78D50996E0F7176CBD,Yes,https://de.fi/rekt-database/YFFC,0xea004e8fa3701b8e58e41b78d50996e0f7176cbd,False,True,0,1,0,0,0,0,0,0,0,0
ShabuVault,ETH,0XE2BD4670DA28E7C0D90F0C7EC41B79515893A4E3,Yes,https://de.fi/rekt-database/ShabuVault,0xe2bd4670da28e7c0d90f0c7ec41b79515893a4e3,False,True,0,1,0,0,0,0,0,0,1,1
Kper Network,ETH,0XC89B4A8A121DD3E726FE7515E703936CF83E3350,Yes,https://de.fi/rekt-database/Kper Network,0xc89b4a8a121dd3e726fe7515e703936cf83e3350,False,True,0,1,1,0,0,0,0,0,0,0
Hatch DAO,ETH,0X6F3009663470475F0749A6B76195375F95495FCB,Yes,https://de.fi/rekt-database/Hatch DAO,0x6f3009663470475f0749a6b76195375f95495fcb,False,True,0,1,0,0,0,0,0,0,0,0
CBDAO,ETH,0X4639CD8CD52EC1CF2E496A606CE28D8AFB1C792F,Yes,https://de.fi/rekt-database/CBDAO,0x4639cd8cd52ec1cf2e496a606ce28d8afb1c792f,False,True,0,1,0,0,0,0,0,0,0,0
Vegetables Finance,ETH,0X3D92941F6EBB2E131C2AF6F7725494AED8763C5B,Yes,https://de.fi/rekt-database/Vegetables Finance,0x3d92941f6ebb2e131c2af6f7725494aed8763c5b,False,True,0,1,1,0,0,0,0,0,0,0
Tomatos,ETH,0X2306934CA884CAA042DC595371003093092B2BBF,Yes,https://de.fi/rekt-database/Tomatos,0x2306934ca884caa042dc595371003093092b2bbf,False,True,0,0,0,0,0,0,0,1,0,0
LV Finance,ETH,0XA77F34BDE382522CD3FB3096C480D15E525AAB22,Yes,https://de.fi/rekt-database/LV Finance,0xa77f34bde382522cd3fb3096c480d15e525aab22,False,True,0,1,0,0,0,0,0,0,0,0
WinPlay,ETH,0X4690D8F53E0D367F5B68F7F571E6EB4B72D39ACE,Yes,https://de.fi/rekt-database/WinPlay,0x4690d8f53e0d367f5b68f7f571e6eb4b72d39ace,False,True,0,1,0,0,0,0,0,0,0,0
Eth Contingency,ETH,0XC96EEC418B50C538C3F3E32E71575DA068A97401,Yes,https://de.fi/rekt-database/Eth Contingency,0xc96eec418b50c538c3f3e32e71575da068a97401,False,True,1,0,0,1,0,0,0,0,0,0
SPIDER,ETH,0X0FAFC0C448C7074107E353AE728640C7A2BCBC77,Yes,https://de.fi/rekt-database/SPIDER,0x0fafc0c448c7074107e353ae728640c7a2bcbc77,False,True,1,0,0,0,0,0,0,0,0,0
Durianswap,BSC,0X5A39244D557981C31B368788D99AD6E64B82D557,Yes,https://de.fi/rekt-database/Durianswap,0x5a39244d557981c31b368788d99ad6e64b82d557,False,True,0,1,0,0,0,0,0,0,0,0
VSJEFF FIGHT,BSC,0XEFFB1662699E0CF0EA55F9AB4D5FE040C95DE221,Yes,https://de.fi/rekt-database/VSJEFF FIGHT,0xeffb1662699e0cf0ea55f9ab4d5fe040c95de221,False,True,0,0,0,0,0,0,0,0,0,1
Bitcoiin,ETH,0XBB8A43AF111B59C7742F36E9CD245357D04059FD,Yes,https://de.fi/rekt-database/Bitcoiin,0xbb8a43af111b59c7742f36e9cd245357d04059fd,False,True,1,0,0,0,0,0,0,0,0,0
Turtledex Token,BSC,0XC4957A864245AA4373BE1F33AE24E93876B7DFE1,Yes,https://de.fi/rekt-database/Turtledex Token,0xc4957a864245aa4373be1f33ae24e93876b7dfe1,False,True,1,1,0,0,0,0,0,0,0,0
Naturel,BSC,0X7E057891A6CA27ECED719DC781D7A45308DD6C70,Yes,https://de.fi/rekt-database/Naturel,0x7e057891a6ca27eced719dc781d7a45308dd6c70,False,True,1,0,0,0,0,0,0,0,0,0
BOGDANoFF,BSC,0XCFE4D62D41873DE1A4E57B5935C930D3DA2D1018,Yes,https://de.fi/rekt-database/BOGDANoFF,0xcfe4d62d41873de1a4e57b5935c930d3da2d1018,False,True,0,1,0,1,0,0,0,0,0,0
TerraCycle,BSC,0X1DE28723445BE1463237D3F8546136139FB194A8,Yes,https://de.fi/rekt-database/TerraCycle,0x1de28723445be1463237d3f8546136139fb194a8,False,True,0,0,0,0,0,0,0,0,1,0
Bunny Token,BSC,0XC9849E6FDB743D08FAEE3E34DD2D1BC69EA11A51,Yes,https://de.fi/rekt-database/Bunny Token,0xc9849e6fdb743d08faee3e34dd2d1bc69ea11a51,False,True,0,1,0,0,0,0,0,0,0,0
Pizza finance,ETH,0X1D8DCE63D49252DD8ECA38B1ABFE4D3F160E0647,Yes,https://de.fi/rekt-database/Pizza finance,0x1d8dce63d49252dd8eca38b1abfe4d3f160e0647,False,True,0,1,0,0,0,0,0,0,0,0
Mooswap,ETH,0XDA5F5E63084F2BA6EEF845CEA653913B46C7FE95,Yes,https://de.fi/rekt-database/Mooswap,0xda5f5e63084f2ba6eef845cea653913b46c7fe95,False,True,0,1,0,0,0,0,0,0,0,1
bitqy,ETH,0XF0F8B0B8DBB1124261FC8D778E2287E3FD2CF4F5,Yes,https://de.fi/rekt-database/bitqy,0xf0f8b0b8dbb1124261fc8d778e2287e3fd2cf4f5,False,True,0,0,1,0,0,0,0,0,0,0
ShipChain,ETH,0XE25B0BBA01DC5630312B6A21927E578061A13F55,Yes,https://de.fi/rekt-database/ShipChain,0xe25b0bba01dc5630312b6a21927e578061a13f55,False,True,0,1,0,1,0,0,0,0,0,0
Titanium BAR,ETH,0XEE8BD1502C3E9F6C543781467C01592AC51CFBB8,Yes,https://de.fi/rekt-database/Titanium BAR,0xee8bd1502c3e9f6c543781467c01592ac51cfbb8,False,True,0,1,0,0,0,0,0,0,0,0
Enigma,ETH,0XF0EE6B27B759C9893CE4F094B49AD28FD15A23E4,Yes,https://de.fi/rekt-database/Enigma,0xf0ee6b27b759c9893ce4f094b49ad28fd15a23e4,False,True,0,0,0,1,0,0,0,0,0,0
Ethereum Metamask,ETH,0XC2FBAB8DE59F2671D55137DFD837F68E9A040867,Yes,https://de.fi/rekt-database/Ethereum Metamask,0xc2fbab8de59f2671d55137dfd837f68e9a040867,False,True,0,1,0,0,0,0,0,0,0,0
sXRP,ETH,0XA2B0FDE6D710E201D0D608E924A484D1A5FED57C,Yes,https://de.fi/rekt-database/sXRP,0xa2b0fde6d710e201d0d608e924a484d1a5fed57c,False,True,0,0,0,0,0,0,0,1,0,0
XSwap,ETH,0X9B06D48E0529ECF05905FF52DD426EBEC0EA3011,Yes,https://de.fi/rekt-database/XSwap,0x9b06d48e0529ecf05905ff52dd426ebec0ea3011,False,True,0,1,0,0,0,0,0,0,0,0
Kore,ETH,0XA866F0198208EB07C83081D5136BE7F775C2399E,Yes,https://de.fi/rekt-database/Kore,0xa866f0198208eb07c83081d5136be7f775c2399e,False,True,0,1,0,0,0,0,0,0,1,0
Gladius Token,ETH,0X71D01DB8D6A2FBEA7F8D434599C237980C234E4C,Yes,https://de.fi/rekt-database/Gladius Token,0x71d01db8d6a2fbea7f8d434599c237980c234e4c,False,True,0,1,0,0,0,0,0,0,0,0
Sether,ETH,0X78B039921E84E726EB72E7B1212BB35504C645CA,Yes,https://de.fi/rekt-database/Sether,0x78b039921e84e726eb72e7b1212bb35504c645ca,False,True,0,1,0,0,0,0,0,0,0,0
Bonu Inu,ETH,0XD192E5D224FAA6209936B572E3C6D60F89EECB23,Yes,https://de.fi/rekt-database/Bonu Inu,0xd192e5d224faa6209936b572e3c6d60f89eecb23,False,True,0,1,1,0,0,0,0,0,0,0
MilitaryDoge,BSC,0X32BA7C5E4B881ECF282BC5C19F850F4E72C063F3,Yes,https://de.fi/rekt-database/MilitaryDoge,0x32ba7c5e4b881ecf282bc5c19f850f4e72c063f3,False,True,0,0,1,0,0,0,0,0,0,0
Jejudoge V2,ETH,0XE4E873B8B73B290913CE7F26B55A2E809E1B9013,Yes,https://de.fi/rekt-database/Jejudoge V2,0xe4e873b8b73b290913ce7f26b55a2e809e1b9013,False,True,0,1,1,0,0,0,0,0,0,0
Ethelon Finance,ETH,0X3DB5530EBF062FB0069D80730A0B43920D7B6B1A,Yes,https://de.fi/rekt-database/Ethelon Finance,0x3db5530ebf062fb0069d80730a0b43920d7b6b1a,False,True,0,1,1,0,0,0,0,0,0,0
Pluto Rocket Finance,BSC,0X2081B7AEFBF9E26F5733FB809D5443F073DF062A,Yes,https://de.fi/rekt-database/Pluto Rocket Finance,0x2081b7aefbf9e26f5733fb809d5443f073df062a,False,True,0,0,1,0,0,0,0,0,0,0
Green Swap,ETH,0X96C9FCD45BEA05B848E6E8551AD33D4D08194E4B,Yes,https://de.fi/rekt-database/Green Swap,0x96c9fcd45bea05b848e6e8551ad33d4d08194e4b,False,True,1,0,0,0,0,0,0,0,0,0
Paragon,ETH,0X7728DFEF5ABD468669EB7F9B48A7F70A501ED29D,Yes,https://de.fi/rekt-database/Paragon,0x7728dfef5abd468669eb7f9b48a7f70a501ed29d,False,True,0,0,0,0,0,0,0,0,1,0
Shopin,ETH,0X6175F6F85339F1E56AFFAC5A68CBF8297969004D,Yes,https://de.fi/rekt-database/Shopin,0x6175f6f85339f1e56affac5a68cbf8297969004d,False,True,0,1,0,0,0,0,0,0,0,0
Gains Farm,ETH,0X544288176BB6D7D198302A2D18FAD38442E69B25,Yes,https://de.fi/rekt-database/Gains Farm,0x544288176bb6d7d198302a2d18fad38442e69b25,False,True,0,1,0,0,0,0,0,0,0,0
ASG Token,BSC,0X8E481946640B04109AFAD9E0C07925494984BDC9,Yes,https://de.fi/rekt-database/ASG Token,0x8e481946640b04109afad9e0c07925494984bdc9,False,True,0,1,0,0,0,0,0,0,0,0
AirToken,ETH,0X27DCE1EC4D3F72C3E457CC50354F1F975DDEF488,Yes,https://de.fi/rekt-database/AirToken,0x27dce1ec4d3f72c3e457cc50354f1f975ddef488,False,True,0,1,1,0,0,0,0,0,0,0
Tuckoo Finance,BSC,0X0371AFBE3F2F470949EA65E09E3332810DFC7902,Yes,https://de.fi/rekt-database/Tuckoo Finance,0x0371afbe3f2f470949ea65e09e3332810dfc7902,False,True,1,0,0,0,0,0,0,0,0,0
TravelCake,BSC,0X5C58AC3BE5AC6C4643BCF8C14C6E4DF789BA5672,Yes,https://de.fi/rekt-database/TravelCake,0x5c58ac3be5ac6c4643bcf8c14c6e4df789ba5672,False,True,0,0,1,0,0,0,0,0,0,0
JamTruAdr,Polygon,0XC20B743316E7701A281167213FB266AA7651D99D,Yes,https://de.fi/rekt-database/JamTruAdr,0xc20b743316e7701a281167213fb266aa7651d99d,False,True,0,0,1,0,0,0,0,0,0,0
Nabox,BSC,0X4F75869A06535161515DF34B84960F58C5C41DA1,Yes,https://de.fi/rekt-database/Nabox,0x4f75869a06535161515df34b84960f58c5c41da1,False,True,0,0,1,0,0,0,0,0,1,0
Fuck Thanos,ETH,0X3E3C02AB542463B9C7A990AE2B5CEA40175B233D,Yes,https://de.fi/rekt-database/Fuck Thanos,0x3e3c02ab542463b9c7a990ae2b5cea40175b233d,False,True,0,0,1,0,0,0,0,0,1,0
Data Transaction Token,ETH,0X24DCC881E7DD730546834452F21872D5CB4B5293,Yes,https://de.fi/rekt-database/Data Transaction Token,0x24dcc881e7dd730546834452f21872d5cb4b5293,False,True,0,1,1,0,0,0,0,0,0,0
Karura,BSC,0X74FE7ECC0A5131A4A980D6B12667184954B4C752,Yes,https://de.fi/rekt-database/Karura,0x74fe7ecc0a5131a4a980d6b12667184954b4c752,False,True,0,0,1,0,0,0,0,0,1,0
DTP,BSC,0X025D5F67D58C9ED14503EDFFA3EC3578AF615854,Yes,https://de.fi/rekt-database/DTP,0x025d5f67d58c9ed14503edffa3ec3578af615854,False,True,1,0,1,0,0,0,0,0,0,0
CoinCoin,BSC,0X91D160E312801B9FF13B220516A8F510BAD7D10F,Yes,https://de.fi/rekt-database/CoinCoin,0x91d160e312801b9ff13b220516a8f510bad7d10f,False,True,0,0,1,0,0,0,0,0,0,0
ICONFoundation,BSC,0X05D84A869E14D538F8A70A0C79848F10D2F76542,Yes,https://de.fi/rekt-database/ICONFoundation,0x05d84a869e14d538f8a70a0c79848f10d2f76542,False,True,0,0,0,0,0,0,0,0,1,0
Wealthfront,ETH,0XA837EFD4500966A45148073F57FA855205597612,Yes,https://de.fi/rekt-database/Wealthfront,0xa837efd4500966a45148073f57fa855205597612,False,True,0,1,0,0,0,0,0,0,0,0
ANT1GOON,ETH,0X61DB2FB090D890EA9FC09DD837FD47CF2F92EE26,Yes,https://de.fi/rekt-database/ANT1GOON,0x61db2fb090d890ea9fc09dd837fd47cf2f92ee26,False,True,0,0,1,0,0,0,0,1,0,0
Exbase Finance,ETH,0X15C5339954A1016C77732EA626CC714B0D37DD6A,Yes,https://de.fi/rekt-database/Exbase Finance,0x15c5339954a1016c77732ea626cc714b0d37dd6a,False,True,0,0,0,0,0,0,0,0,0,1
Xdef finance,ETH,0X5166D4CE79B9BF7DF477DA110C560CE3045AA889,Yes,https://de.fi/rekt-database/Xdef finance,0x5166d4ce79b9bf7df477da110c560ce3045aa889,False,True,0,0,1,0,0,0,0,0,0,1
Kanva,ETH,0X2D176650B1D3E69E80C2DD8ACF4E7D590A16BDA7,Yes,https://de.fi/rekt-database/Kanva,0x2d176650b1d3e69e80c2dd8acf4e7d590a16bda7,False,True,0,0,1,0,0,0,0,0,0,0
