,Project Name,Chain,Address,Open Source,Source,Hidden Balance Modification,Hidden Mint/Burn,Address Restrict,Amount Restrict,Modifiable External Call,TimeStamp Restrict,Hidden Balance Modification,Modifiable External Call,Modifiable Tax Address,Modifiable Tax Rate,Mint,Leak,Limit
0,GMETA,BSC,0x93023f1d3525e273f291b6f76d2f5027a39bf302,Yes,https://twitter.com/BeosinAlert/status/1681240663868973056,0,1,0,0,0,0,0,0,0,1,1,0,1
1,PokémonFi,BSC,0x2753dce37a7edb052a77832039bcc9aa49ad8b25,Yes,https://twitter.com/CertiKAlert/status/1562555089306685440,0,0,1,0,0,0,0,0,0,0,0,0,1
4,DRAC Network,ETH,0x10f6f2b97f3ab29583d9d38babf2994df7220c21,Yes,https://twitter.com/PeckShieldAlert/status/1551409593397350401,0,1,0,0,0,0,0,0,0,1,1,0,1
5,DHE,BSC,0x11cbc781dadaad13fc3a361772c80b1c027820af,Yes,https://twitter.com/CertiKAlert/status/1539031511114063873,0,0,1,0,0,0,0,0,0,0,0,0,0
6,ElonMVP,BSC,0x3e597ea168a85aa2ae5e2c4333665bcd875ed10f,Yes,https://twitter.com/PeckShieldAlert/status/1536223027717111808,0,0,1,0,0,0,0,0,0,0,0,0,1
7,BabyElon,BSC,0x292e89d5d5bdab3af2f5838c194c1983f0140b43,Yes,https://de.fi/rekt-database/babyelon,0,0,1,0,0,0,0,0,0,0,0,0,1
8,StarMan,BSC,0xef20505c8b343d12da174bf9d8495c1ce2670989,Yes,https://de.fi/rekt-database/starman,0,0,1,0,0,0,0,0,0,0,0,0,1
9,Armadillo Coin,BSC,0xc71d244f7ad6c869ecbf13cbd9acae31718be4f8,Yes,https://x.com/PeckShieldAlert/status/1531880431947481093,0,0,1,0,0,0,0,0,0,0,0,0,1
10,LV PLUS,BSC,0x5927b72440d8a8b8c6ca5a8be60e88975f9063fc,Yes,https://de.fi/rekt-database/lv_metaverse,0,0,1,1,0,0,0,0,0,1,0,0,1
13,Hunter,BSC,0x1e4402fa427a7a835fc64ea6d051404ce767a569,Yes,https://twitter.com/CertiKAlert/status/1523153063875575809,0,0,0,0,0,0,0,0,0,1,0,1,1
14,MaxAPY Finance,BSC,0xcb6cd204d783dc8d66896a6def5867d332228d7b,Yes,https://twitter.com/PeckShieldAlert/status/1516676658350428160,0,0,1,0,0,0,0,0,0,1,0,0,1
15,BNB DEFI,BSC,0x455dedacbe41c178953119847f2b95e2d9ad0a1d,Yes,https://twitter.com/PeckShieldAlert/status/1508626057913520128,1,0,0,0,0,0,0,0,0,1,0,1,1
16,BuccaneerFi,BSC,0x831467b7b6bf9c705dc87899d48b57ee55c8d5cc,Yes,https://twitter.com/PeckShieldAlert/status/1508337292020445187,0,1,0,0,0,0,0,0,0,0,1,0,0
20,IEGT,BSC,0x8d07f605926837ea0f9e1e24dba0fb348cb3e97d,Yes,https://slowmist.medium.com/beware-of-covert-rug-pulls-exit-scams-driven-by-contract-storage-manipulation-3631c8cbe1a,0,0,1,1,0,0,0,0,0,1,1,0,1
22,USEA,BSC,0xdf7ff95aa3d855a6fb21399432166a92fdcf1b1a,Yes,https://de.fi/rekt-database/usea,0,1,0,0,0,0,0,0,0,0,1,0,0
25,DMAN,ETH,0x9a3fb36bf72a387fcc821a38ee9f50f1a0eb8cbd,Yes,https://hacked.slowmist.io/search/,0,0,0,1,0,0,0,0,0,0,1,0,1
26,GNS,ETH,0xe7e63e244c52b2230666e263657ba8db2b6b3705,Yes,https://hacked.slowmist.io/search/,1,0,0,0,0,0,0,0,0,1,1,0,1
27,PEPG,ETH,0x25d8f027fd25eecbcd812521fb2f75f175807a91,Yes,https://hacked.slowmist.io/search/,1,0,0,0,0,0,0,0,0,1,1,0,1
28,Art Coin,ETH,0x1250b98cbde9f99f4c42dcdacee193221f17eb50,Yes,https://bitcoinist.com/project-losses-over-331000-setup-flaw-on-uniswap-v3/,0,1,0,0,0,0,0,0,0,0,1,0,0
29,WSB Coin,ETH,0x0414d8c87b271266a5864329fb4932bbe19c0c49,Yes,https://de.fi/rekt-database/wsb,0,1,0,0,0,0,0,0,0,0,1,0,0
32,ArbiSwap,Arbitrum,0x9db8a10c7fe60d84397860b3af2e686d4f90c2b7,Yes,https://arbiscan.io/tx/0x54ca307057b38110f60fce515ba35321fde82b876b4a2abf77368924903216e1,0,1,0,0,0,0,0,0,0,0,1,1,1
34,InfinityToken,BSC,0x52e4339b4b9ff254738d6e971e83440f60dc029c,Yes,https://coincodecap.com/infinity-token-rugged-more-than-1390-wbnb,0,1,0,1,0,0,0,0,0,0,0,1,1
36,Bored Bunny,ETH,0x9372b371196751dd2f603729ae8d8014bbeb07f6,Yes,https://twitter.com/chanceweb3/status/1478549762219466752?ref_src=twsrc%5Etfw%7Ctwcamp%5Etweetembed%7Ctwterm%5E1478549762219466752%7Ctwgr%5E%7Ctwcon%5Es1,0,1,0,0,0,0,0,0,0,0,1,0,0
38,Snowdog DAO,Cchain,0xde9e52f1838951e4d2bb6c59723b003c353979b6,Yes,https://de.fi/rekt-database/snowdog,0,1,0,0,0,0,0,0,0,0,1,0,0
40,Flare,BSC,0x85aa3f04e539e426cbb55c0d584ea99cfe1d96a1,Yes,https://de.fi/rekt-database/flare,0,0,0,1,0,0,0,0,0,0,0,0,0
42,Blur Finance,BSC,0x4165084a6e5388ce53c9d9892f904a2712dd943a,Yes,https://twitter.com/PeckShieldAlert/status/1557259094058102785,0,1,0,0,0,0,0,0,0,0,0,0,1
44,Julia,ETH,0xa7cd93ed3133d82781cc17460fe1500b69a1b514,Yes,https://de.fi/rekt-database/julia,0,0,0,0,1,0,0,0,0,0,0,0,0
312,Squid Game,BSC,0x87230146e138d3f296a9a77e497a2a83012e9bc5,Yes,https://de.fi/rekt-database/Squid Game,0,0,0,0,0,0,0,1,0,0,0,0,0
2,PokémonFi,BSC,0x0aa5cae4d1c9230543542e998e04ea795eedf738,Yes,https://twitter.com/CertiKAlert/status/1562555089306685440,0,0,1,0,0,0,0,0,0,0,-1,-1,-1
3,Sudorare,ETH,0x5404efafdd8cc30053069df2a1b0c4ba881b3e1e,Yes,https://x.com/PeckShieldAlert/status/1561967493912363008,0,1,0,0,0,0,0,0,0,0,-1,-1,-1
11,Pokemoney,BSC,0x32ff5b4c3b1744f0344d96fa2f87799ed2805749,No,https://twitter.com/PeckShieldAlert/status/1530122357125181441,0,1,0,0,0,0,0,0,0,0,-1,-1,-1
12,NEKOGOLD,BSC,0x4534a3df5bfcedaabd2f3f557271f42b7bd57543,No,https://twitter.com/PeckShieldAlert/status/1530122357125181441,0,1,0,0,0,0,0,0,0,0,-1,-1,-1
17,NFTflow,ETH,0x253954d29386e174ed4bc69902391a8ed3fd51ca,Yes,https://de.fi/rekt-database/nftflow,0,1,0,0,0,0,0,0,0,0,-1,-1,-1
18,BabyMuskCoin,BSC,0xaf507f297b5eff8339315c4226977972734438b0,Yes,https://twitter.com/CertiKCommunity/status/1491483014467047437?s=19,1,0,1,0,0,0,0,0,0,1,-1,-1,-1
19,Lucky star Currency Token,BSC,0x2b3559c3dbdb294cbb71f2b30a693f4c6be6132d,Yes,https://x.com/BeosinAlert/status/1711268989450772968,1,0,1,0,0,0,0,0,0,0,-1,-1,-1
21,VPANDA DAO,BSC,0x2a8dba970ba9750fa1c81b1be4c0e19c1aacca9d,Yes,https://twitter.com/PeckShieldAlert/status/1670745691440943106,0,0,0,1,0,0,0,0,0,0,-1,-1,-1
23,Pixel Penguin,ETH,0x7172b87400b850069c425ecd18f2c2553b7fb479,Yes,https://twitter.com/zachxbt/status/1663708430274551808,0,0,1,1,0,0,0,0,0,0,-1,-1,-1
24,Swaprum,Arbitrum,0x2ae25460c44d578e6f41ab900a7a5425b6492c16,Yes,https://twitter.com/hackenclub/status/1659499442041417729?s=46&t=DLwbX9Nw4QECiyZQ0av-fg,0,1,0,0,0,0,0,0,0,0,-1,-1,-1
30,Arbtomb,Arbitrum,0xaf391eaa53fb34ae2e83e975f03461a936991245,Yes,https://de.fi/rekt-database/arbtomb,0,1,0,0,0,0,0,0,0,0,-1,-1,-1
31,Kokomo Finance,OP.ETH,0x7da25bc4cfaed3f29414c6779676e53b19a356f5,Yes,https://de.fi/rekt-database/kokomo_finance,0,1,0,0,0,0,0,0,0,0,-1,-1,-1
33,Wegrocoin,BSC,0x5946fe65ab9dc66a961234502ee96776e4fa9f52,Yes,https://twitter.com/PeckShieldAlert/status/1486500426174189573,1,0,1,1,0,0,0,0,0,0,-1,-1,-1
35,AFKSystem,Polygon,0xbc7cb585346f4f59d07121bb9ed7358076243539,Yes,https://de.fi/rekt-database/afksystem,0,1,0,0,0,0,0,0,0,0,-1,-1,-1
37,MetaDAO,ETH,0x6795a9603e9992417560479b07ba04c5f0dd79e4,Yes,https://de.fi/rekt-database/metadao,0,0,0,1,0,0,0,0,0,0,-1,-1,-1
39,METAMOONMARS,BSC,0x8ed9c7e4d8dfe480584cc7ef45742ac302ba27d7,Yes,https://de.fi/rekt-database/metamoonmars,0,0,0,0,0,0,0,0,0,1,-1,-1,-1
41,Jumpnfinance,BSC,0x3ccbcb3668d409672454d267402622fbe59a1315,Yes,https://twitter.com/PeckShieldAlert/status/1579049576451174400,0,0,0,1,0,0,0,0,0,1,-1,-1,-1
43,Magnate Finance,BASE,0x2dc1cda9186a4993bd36de60d08787c0c382bead,Yes,https://de.fi/rekt-database/magnate_finance,0,1,0,0,0,0,0,0,0,0,-1,-1,-1
45,Memecoin,ETH,0x3417d4fa067806f8f70c2a692548048962b7ac45,Yes,https://de.fi/rekt-database/memecoin,1,0,0,1,0,0,0,0,0,0,-1,-1,-1
46,PIPI,BSC,0x158f194ce44954ad8b6161acd1802898716d0b84,Yes,https://de.fi/rekt-database/pipi,0,0,1,1,0,0,0,0,0,0,-1,-1,-1
47,Jewels,ETH,0xa2e8b27500d3bae6daad122bdd8f405b65752175,Yes,https://de.fi/rekt-database/jewels,0,0,0,1,0,0,0,0,0,0,-1,-1,-1
48,Gemini Ai,ETH,0xdbc0e0c94707256ac2de70f0b0e182c9287663f6,Yes,https://twitter.com/PeckShieldAlert/status/1732735122452201617,1,0,0,0,0,0,0,0,0,0,-1,-1,-1
49,TITANX,ETH,0xaf3302f7a83cb4e66b8f9450b00e7644e605878d,Yes,https://de.fi/rekt-database/titanx,0,0,0,1,0,0,0,0,0,0,-1,-1,-1
50,Arbix Finance,BSC,0xd20ef93050c0943f74f5f8ff0cc97c74139d6437,Yes,https://de.fi/rekt-database/arbix,0,1,0,0,0,0,0,0,0,0,-1,-1,-1
51,Frosties,ETH,0x3c99f2a4b366d46bcf2277639a135a6d1288eceb,Yes,https://de.fi/rekt-database/frosties,0,1,1,0,0,0,0,0,0,0,-1,-1,-1
52,BNB HEROES,BSC,0xd25631648e3ad4863332319e8e0d6f2a8ec6f267,Yes,https://de.fi/rekt-database/bnb_heroes,0,0,1,1,0,0,0,0,0,1,-1,-1,-1
53,Mercenary,BSC,0xe0e279ee10e3bdc9b7577f5548dd46fca2e7e111,Yes,https://de.fi/rekt-database/mercenary,0,1,0,0,0,0,0,0,0,0,-1,-1,-1
54,FileSystemVideo,BSC,0xe9c7a827a4ba133b338b844c19241c864e95d75f,Yes,https://de.fi/rekt-database/filesystemvideo,0,1,0,0,0,0,0,0,0,1,-1,-1,-1
55,DollarDoge,BSC,0x454876d97098528d83e661ed3ddf19b10e397352,Yes,https://de.fi/rekt-database/dollardoge,1,0,0,1,0,0,0,0,0,1,-1,-1,-1
56,Raptor2,BSC,0xc51b24e6809b4e4578be862c4be19d8d767755ba,Yes,https://de.fi/rekt-database/raptor2,0,0,1,0,0,0,0,0,0,0,-1,-1,-1
57,Web3Memes,BSC,0xbad6ea539b1b9f150d6d0b95ef4f45af70bf0bcd,Yes,https://de.fi/rekt-database/web3memes,0,0,1,0,0,0,0,0,0,0,-1,-1,-1
58,TheCatWorld,BSC,0xf22807575d019a0192395d8a5244a8bfc51d9c58,Yes,https://de.fi/rekt-database/thecatworld,0,0,0,1,0,1,0,0,0,1,-1,-1,-1
59,Peace doge X,BSC,0x06fa8deb5e82d2c05c7ce51f8c82e5e3de3f2a29,Yes,https://de.fi/rekt-database/peace%20doge,0,0,1,1,0,0,0,0,0,1,-1,-1,-1
60,Elonmoon,BSC,0x6f8a43af478c3991572d655a994ccdd6405d8cde,Yes,https://de.fi/rekt-database/elonmoon,0,0,1,0,0,0,0,0,0,0,-1,-1,-1
61,GHOSTP2E,BSC,0x34cb0f01489ed5d0a55f0f6d5155efc137fccddb,Yes,https://de.fi/rekt-database/ghostp2e,0,0,1,0,0,0,0,0,0,1,-1,-1,-1
62,ZoroInu(Zoro),BSC,0x05ad901cf196cbdceab3f8e602a47aadb1a2e69d,Yes,https://skynet.certik.com/projects/zoro-inu,0,0,0,1,0,0,0,0,0,1,-1,-1,-1
63,Moonbird,BSC,0x3b23a0ffbc53198d86fa5927e8ee32f7ef699a14,Yes,https://rugdoc.io/project/moonbird-finance/,0,0,0,1,0,0,0,0,0,1,-1,-1,-1
64,PragmaMoney,Fantom,0xfec3a505f67136033b27618add93329256101b4b,Yes,https://twitter.com/CertiKAlert/status/1522323459367448576,0,0,1,0,0,0,0,0,0,1,-1,-1,-1
65,GOAT,ETH,0x74edaf28fc4b9e6a1618d613839daaf6a9d075db,Yes,https://x.com/PeckShieldAlert/status/1523550360140664832,0,0,0,1,0,0,0,0,0,1,-1,-1,-1
66,SHIDAO,BSC,0xc59d46ce32d8652536b5ae96ded0242e04923fd6,Yes,https://x.com/CertiKAlert/status/1529620537248567296,0,0,1,0,0,0,0,0,0,1,-1,-1,-1
67,Magic,BSC,0x37760475953a7b37fdcee8d6c7506d9624565c84,Yes,https://de.fi/rekt-database/Magic,0,1,1,0,0,0,0,0,1,0,-1,-1,-1
68,SportMove,BSC,0x254433199984f5f43ffda965d83a927635afd300,Yes,https://de.fi/rekt-database/Sport%20Move,0,0,1,0,0,1,0,0,0,1,-1,-1,-1
69,BreedTech,BSC,0x60b10129e83451b974260918a7a8e5ae3c44512b,Yes,https://de.fi/rekt-database/BreedTech,0,0,1,0,0,1,0,0,0,1,-1,-1,-1
70,LlamaCoin,BSC,0x4d0710507b655b4038642ce0716c6e7e673c7597,Yes,https://de.fi/rekt-database/LlamaCoin,0,0,1,0,0,0,0,0,0,0,-1,-1,-1
71,FlokiMoon,BSC,0x085ac603e691217cd33edddf587eff09c04af9e1,Yes,https://de.fi/rekt-database/FlokiMoon,0,0,1,0,0,0,0,0,0,0,-1,-1,-1
72,ADAF,BSC,0xdc1dcd09a17c23ee77568b4eaba16edd3d0503a3,Yes,https://de.fi/rekt-database/ADAF,0,0,1,1,0,0,0,0,0,1,-1,-1,-1
73,FOMODAO,BSC,0x5dd4ec212bd8e9fa42d278e09b6d6857e4abaeca,Yes,https://de.fi/rekt-database/FOMO%20DAO,0,0,0,0,0,0,0,1,0,0,-1,-1,-1
74,Verify,BSC,0x3f52ff3137b52fca2f96f41656632ee8d5e79401,Yes,https://de.fi/rekt-database/Verify,0,0,1,0,0,0,0,0,0,1,-1,-1,-1
75,DarkLight,BSC,0x2d1bec79f2789a454134efaab9c4caa28f3c5828,Yes,https://de.fi/rekt-database/Dark%20Light,0,0,0,0,0,0,0,0,0,1,-1,-1,-1
76,BabyDAO,BSC,0xf2d5d38fa88f9e2be0830351275d0724f96b0f5f,Yes,https://de.fi/rekt-database/BabyDAO,0,0,1,0,0,0,0,0,0,0,-1,-1,-1
77,ForestTigerPro,BSC,0x486eb84e0c8469197a2f392b633c51b401abf757,Yes,https://de.fi/rekt-database/Forest%20Tiger%20Pro,0,0,1,0,0,1,0,0,0,0,-1,-1,-1
78,retawatchcoin(RTW),BSC,0xdf9427170b3ab5e26039591797b538a82391eac2,Yes,https://de.fi/rekt-database/RETAWATCH,0,0,0,0,0,0,0,0,1,1,-1,-1,-1
79,ElronToken,BSC,0xf17f7827403c166fda782ceb17b29900d1a2ad15,Yes,https://de.fi/rekt-database/Elron%20Token,0,1,0,0,0,0,0,0,0,0,-1,-1,-1
80,NeotericFinance,BSC,0x733a90389db7d9c246d064a257e5652f7be36b8a,Yes,https://de.fi/rekt-database/Neoteric%20Finance,1,0,1,1,0,1,0,0,0,1,-1,-1,-1
81,FreedomProtocol,BSC,0x880bce9321c79cac1d290de6d31dde722c606165,Yes,https://de.fi/rekt-database/Freedom%20Protocol%20%7C%20Raccoon%20Network,0,0,1,0,0,1,0,0,0,1,-1,-1,-1
82,RaccoonNetwork,BSC,0x371cf78dba846e253ea3e714e4a749ea722a6258,Yes,https://de.fi/rekt-database/Freedom%20Protocol%20%7C%20Raccoon%20Network,0,0,0,1,0,0,0,0,0,1,-1,-1,-1
83,LoopXNetwork,BSC,0xb3b361ba28b1058f2dbdfbbb5bb3b98cf46b4540,Yes,https://de.fi/rekt-database/Loop%20X%20Network,0,0,0,0,0,0,0,0,0,1,-1,-1,-1
84,LarpFinance(LARP),ETH,0x422252b656bcb93f2c3823737bf0bea0da5b02ab,Yes,https://de.fi/rekt-database/LARP,0,1,1,0,0,0,0,0,0,0,-1,-1,-1
85,MetaverseBNQ,BSC,0x3ec24487f8511e7e5e03d069563a7abecdad9452,Yes,https://de.fi/rekt-database/Brand%20New%20Quest%20Metaverse,0,1,0,0,0,0,0,0,1,1,-1,-1,-1
86,HashFree,BSC,0x7dd5b0514463f83eea3f7aae55361ea97b6d968c,Yes,https://de.fi/rekt-database/HashFree,0,0,0,0,0,0,0,0,0,1,-1,-1,-1
87,FIOProtocol,Polygon,0x4303d63aa85574c0eada2116791a8318d9a07f4d,Yes,https://de.fi/rekt-database/FIO%20Protocol,0,1,1,0,0,0,0,0,1,1,-1,-1,-1
88,GEMDAO,BSC,0x1c5e99c04a1fcc474cdfdec39b80add760c0c713,Yes,https://de.fi/rekt-database/GEMDAO,0,0,0,0,0,0,0,0,0,1,-1,-1,-1
89,Nut2Earn,BSC,0xb4da61b4b8f720876023812a282410705eb594f3,Yes,https://de.fi/rekt-database/Nut2Earn,0,0,0,0,0,0,0,0,1,1,-1,-1,-1
90,HUT,BSC,0x95914a07749d7ebbfa36753c3781371c45b2db27,Yes,https://de.fi/rekt-database/HUT,0,0,1,1,0,0,0,0,0,1,-1,-1,-1
91,PDR,BSC,0x11fcb937052c7cdfeac85887a6e71510fc486cfd,Yes,https://de.fi/rekt-database/PDR,0,0,1,1,0,0,0,0,0,1,-1,-1,-1
92,Dogioh,ETH,0x790540ff6117205ac6ef132a5782ba4f4a611355,Yes,https://de.fi/rekt-database/Dogioh,0,1,0,0,0,0,0,0,1,1,-1,-1,-1
93,NFTCrossChain,BSC,0x0ed30fe8fd51c593b077315a6cb60a9fb9b15155,Yes,https://de.fi/rekt-database/NFT%20Cross%20Chain,0,0,0,0,0,0,0,0,0,1,-1,-1,-1
94,ArcadeEarn,BSC,0x9d848ca913eefb0730f54a117370f929573cdd0a,Yes,https://de.fi/rekt-database/ArcadeEarn,0,0,1,0,0,1,0,0,0,1,-1,-1,-1
95,GMT,BSC,0x59375348e069fa7e0eb58b98f72d2dee078259c9,Yes,https://de.fi/rekt-database/GMT,0,0,0,0,0,0,0,0,0,1,-1,-1,-1
96,MarvelMetauniverse,BSC,0x706babd2a336fd61653cf8d13ddeeff66cf624bf,Yes,https://de.fi/rekt-database/Marvel%20Metauniverse,0,0,1,0,0,0,0,0,0,1,-1,-1,-1
97,GalaxyCoin,BSC,0x2629c46c0700222a18194b5ede91752fab626631,Yes,https://de.fi/rekt-database/Galaxy%20Coin,0,0,0,0,0,0,0,0,0,1,-1,-1,-1
98,Carillonium,BSC,0x2d1e3be4dfd27d8d6c8f9568af27e3d8ec44d4a1,Yes,https://de.fi/rekt-database/Carillonium,0,0,1,0,0,0,0,0,0,1,-1,-1,-1
99,MetaMagicCoin,BSC,0xe62935529b59c1c9a3f5d01323f791e309b007c3,Yes,https://de.fi/rekt-database/Meta%20Magic%20Coin,0,1,0,0,0,0,0,0,1,1,-1,-1,-1
100,Cornerchain,BSC,0xcf030ef1e14a7719aebe2471319b5547b4f22887,Yes,https://de.fi/rekt-database/Cornerchain,0,0,1,0,0,0,0,0,0,1,-1,-1,-1
101,TSUKA,BSC,0x4e8842f6caf3f64037df67c8427000dae207f56c,Yes,https://de.fi/rekt-database/TSUKA,0,0,0,0,0,0,0,1,0,0,-1,-1,-1
102,BNQToken,BSC,0x06c61725b98f1ef191d41e6b4f1e0aa50bd465d5,Yes,https://de.fi/rekt-database/BNQ%20Token,0,0,0,0,0,0,0,0,1,0,-1,-1,-1
103,HPD,BSC,0x70faf21d51e663a24cffee1f1c22ed94c975cc7c,Yes,https://de.fi/rekt-database/HPD,0,0,0,0,0,0,1,0,1,0,-1,-1,-1
104,SherLOCK,BSC,0x817b5054392199fed877e1dfdf4bda7234691e8e,Yes,https://de.fi/rekt-database/SherLOCK,0,0,1,1,0,0,0,0,0,0,-1,-1,-1
105,TIGER,BSC,0x5f351820674ccd9203ee9b019031647f31efd2d9,Yes,https://de.fi/rekt-database/TIGER,0,0,0,0,0,0,0,0,1,0,-1,-1,-1
106,Dollar,BSC,0x781163f0110b69dcbb2289339e3ea16d040966d5,Yes,https://de.fi/rekt-database/Dollar,0,0,1,0,0,0,0,0,0,0,-1,-1,-1
107,NWN,BSC,0x95e6823f1fc728fd34cc79c36b69935acfc862e9,Yes,https://de.fi/rekt-database/NWN,0,0,1,0,0,0,0,0,0,1,-1,-1,-1
108,e-STD,BSC,0x7aa4b6937de7118bf4c8e56f9df3a99cefb64c1a,Yes,https://de.fi/rekt-database/e-STD,0,0,0,0,0,0,0,0,1,0,-1,-1,-1
109,TheMicroElements(TME),BSC,0xd631464f596e2ff3b9fe67a0ae10f6b73637f71e,Yes,https://de.fi/rekt-database/The%20Micro%20Elements,0,0,1,0,0,0,0,0,0,1,-1,-1,-1
110,FlokiChain,BSC,0xa48d94e1cca09c4867d710cd24f002cb6aa196d3,Yes,https://de.fi/rekt-database/FlokiChain,0,0,0,0,0,0,0,0,0,1,-1,-1,-1
111,MetaF_DAO(FD),BSC,0xb5723edf367583b28f123dd436eef343f013d36b,Yes,https://de.fi/rekt-database/MetaFinanceDAO,0,0,0,0,0,1,0,0,0,1,-1,-1,-1
112,LGT,BSC,0xd21d53fa113dd5769aa1b603c296d6ae15d0044a,Yes,https://de.fi/rekt-database/LGT,0,0,0,0,0,0,0,0,1,0,-1,-1,-1
113,KHABYFanToken(KFT),BSC,0xe1e17b24f32cfe85a3c1ab63f14082d70592f6ee,Yes,https://de.fi/rekt-database/KHABY%20Fan%20Token,1,0,0,0,0,0,0,0,0,1,-1,-1,-1
114,FDB,BSC,0x18a2e0ba304112134bd407744ff0b0a03ae77327,Yes,https://de.fi/rekt-database/FDB,0,0,0,0,0,0,0,0,0,1,-1,-1,-1
115,SHOK,BSC,0xe1f41f5f11e89c674d6c6c23899f7773322756f2,Yes,https://de.fi/rekt-database/SHOK,0,0,1,0,0,0,0,0,0,1,-1,-1,-1
116,DDCX,BSC,0x2a895afaeb582b5c914daa3deecc08c9705c9fbc,Yes,https://de.fi/rekt-database/DDCX,0,0,0,0,0,0,0,1,0,0,-1,-1,-1
117,Ranger,BSC,0xc9efd09c8170e5ce43219967a0564a9b610e5ea2,Yes,https://www.panewslab.com/zh/sqarticledetails/3b6ha25t.html,0,0,0,0,0,0,0,0,1,0,-1,-1,-1
118,TrustBridge(TWG),BSC,0x737f5942d70f8f433d65823535e7ae1de1950d8e,Yes,https://de.fi/rekt-database/Trust%20Bridge,0,0,1,1,0,0,0,0,1,0,-1,-1,-1
119,BGE,BSC,0xbd7afa932f59f0e451d57ba523ba379e7545a4b3,Yes,https://de.fi/rekt-database/BGE,0,0,1,0,0,0,0,0,0,1,-1,-1,-1
120,Lymex,BSC,0x448f861728f4ed28914f42b4c8c0ff70b8bd637b,Yes,https://de.fi/rekt-database/Lymex,0,0,1,0,0,0,0,0,0,0,-1,-1,-1
121,BOB,ETH,0xdf347911910b6c9a4286ba8e2ee5ea4a39eb2134,Yes,https://de.fi/rekt-database/Bob%60s%20repair,0,0,0,0,0,0,0,0,0,1,-1,-1,-1
122,BTDog,BSC,0x3e7960a0cd30dfde3c57e071936b98c7e98c8303,Yes,https://de.fi/rekt-database/BTDOG,0,1,0,0,0,0,0,0,1,0,-1,-1,-1
123,poolz,BSC,0x77018282fd033daf370337a5367e62d8811bc885,Yes,https://de.fi/rekt-database/Poolz%20Finance,0,0,0,1,0,0,0,0,0,0,-1,-1,-1
124,DOGE Twitter Token,BSC,0x1f528ea4d5d0bf9e78a15db65ae07953edc6edf6,No,https://de.fi/rekt-database/Doge%20Twitter%20Token,0,0,1,1,0,0,0,0,0,1,-1,-1,-1
125,DeFiSafe(dSafe),BSC,0x761776f726168c9df6dc63d5864880801e21f403,Yes,https://de.fi/rekt-database/DeFi%20Safe,0,0,0,0,0,0,0,0,0,1,-1,-1,-1
126,LotterySwap(LOTTO),BSC,0x605cfb514a2845902e17ed3c9416bd461e3f2e1b,Yes,https://de.fi/rekt-database/Lottery%20Swap,0,0,0,0,0,0,0,0,1,0,-1,-1,-1
127,FairCoin(Fair),BSC,0xc5c24cb9177a130128fb15b0b0a74a502974f379,Yes,https://de.fi/rekt-database/Fair%20Token,0,0,1,0,0,0,0,0,0,1,-1,-1,-1
128,SpaceCat(SCAT),BSC,0x22a681b2b57050ab42cb4a426d56a733c6ca859a,Yes,https://de.fi/rekt-database/SCAT,1,0,1,0,0,0,0,0,0,0,-1,-1,-1
129,HLG,BSC,0x10f9ccb9cfca4ad48bc9256c22ade8303cf5e95e,Yes,https://de.fi/rekt-database/HLG,0,0,1,0,0,0,0,0,0,1,-1,-1,-1
130,NWTToken,BSC,0x2c44c71df4dbd3634e43ab0bc6dcb809d5286443,Yes,https://de.fi/rekt-database/NWT%20Token,0,0,0,0,0,0,0,0,0,1,-1,-1,-1
131,DefiWzToken(DEFIWZ),BSC,0x4address restrict0b4f1cf33565c459cfb6d838bbbbff8f9,Yes,https://de.fi/rekt-database/DeFi%20WZ%20Token,0,0,0,0,0,0,0,0,0,1,-1,-1,-1
132,Cezar,BSC,0x71c349eecc025f1b618f7674ad5efcb9dda135e9,Yes,https://de.fi/rekt-database/Cezar%20Hard%20Fork,0,0,1,1,0,0,0,0,0,0,-1,-1,-1
133,Artificialintelligencerobot(AIT),BSC,0xd5b33544d03f54f4e4556fe6cc53254c4ff43ef7,Yes,https://de.fi/rekt-database/Artificial%20intelligence%20robot,0,0,0,0,0,0,0,0,0,1,-1,-1,-1
134,Fake PIToken,Polygon,0x0022167e3b9f409e1ff6bb206ec6b276c372b277,Yes,https://de.fi/rekt-database/Fake PIToken,0,0,0,1,0,0,0,0,0,0,-1,-1,-1
135,Lifeform (fake),ETH,0x829d2578aa1b013665e421ae894d055da2120cc8,Yes,https://de.fi/rekt-database/Lifeform (fake),1,0,1,0,0,0,0,0,0,0,-1,-1,-1
136,NovaMind,ETH,0x9cb6dd255a6bbe32130ce645ec45c0a3e9d87a4a,Yes,https://de.fi/rekt-database/NovaMind,0,0,1,0,0,0,0,0,0,0,-1,-1,-1
137,SAGA (Fake),BSC,0x77fba84956ad63713652ddd1a574ad2c8f1bcdcf,Yes,https://de.fi/rekt-database/SAGA (Fake),0,1,1,0,0,0,0,0,0,1,-1,-1,-1
138,Fake Ethena Labs,BSC,0xc2902f4b0c0b7ebae02ad1d85676c3afbb3d25b9,Yes,https://de.fi/rekt-database/Fake Ethena Labs,0,0,0,0,0,0,0,1,0,0,-1,-1,-1
139,Fake EigenLayer,ETH,0x1a4f05bd24c95147608657c26cd931c7b246cd21,Yes,https://de.fi/rekt-database/Fake EigenLayer,1,0,0,0,0,0,0,0,0,0,-1,-1,-1
140,Fake Polyhedra Network,ETH,0xe5295855523c5802feb6d70105cf00bfe8f9c832,Yes,https://de.fi/rekt-database/Fake Polyhedra Network,0,0,0,1,0,0,0,0,0,0,-1,-1,-1
141,Fake ether.fi,ETH,0x7c86ccf95355cdae1cc5c435114d84e9bedb0841,No,https://de.fi/rekt-database/Fake ether.fi,0,1,0,0,0,0,0,0,0,0,-1,-1,-1
142,OrdiZK,ETH,0xb4fc1fc74effa5dc15a031eb8159302cfa4f1288,Yes,https://de.fi/rekt-database/OrdiZK,0,0,1,0,0,0,0,0,0,0,-1,-1,-1
143,Ore,ETH,0x7b6ff2312c22177458b24a441a0b2bf9528dac57,Yes,https://de.fi/rekt-database/Ore,0,1,0,0,0,0,0,0,0,0,-1,-1,-1
144,Not Found,ETH,0x070669e366727369064633ef5702107d73cee0e5,Yes,https://de.fi/rekt-database/Not Found,0,1,0,0,0,0,0,0,0,0,-1,-1,-1
145,LongNoseDog,BSC,0xfae06de70e34d7390f1826dbfc7253e4328f29a5,Yes,https://de.fi/rekt-database/LongNoseDog,0,0,0,0,0,0,0,1,0,0,-1,-1,-1
146,Xai,BSC,0x1d152e6352493fce07f17a90823cd21c51815c81,Yes,https://de.fi/rekt-database/Xai,0,1,0,0,0,0,0,0,0,0,-1,-1,-1
147,Do Right,BSC,0x920a7cbd0b5aed31827385783e7af245331ca9ee,Yes,https://de.fi/rekt-database/Do Right,0,1,0,0,0,0,0,0,0,1,-1,-1,-1
148,stoicDAO,ETH,0xb281d84989c06e2a6ccdc5ea7bf1663c79a1c31a,Yes,https://de.fi/rekt-database/stoicDAO,0,0,0,0,0,1,0,0,0,0,-1,-1,-1
149,Abattoir of Zir,ETH,0x1a59be240aa89685145967322dfab3eba7e574db,Yes,https://de.fi/rekt-database/Abattoir of Zir,0,1,0,0,0,0,0,0,0,0,-1,-1,-1
150,CKD TOKEN,BSC,0x583e9b5ebb7b67157f7817ce3d57a2604fc83881,Yes,https://de.fi/rekt-database/CKD TOKEN,0,1,1,1,0,0,0,0,0,0,-1,-1,-1
151,CoinPanda_ETH,ETH,0xbbdce1ed0986106e9efca252a1b24aaf6c34876c,Yes,https://de.fi/rekt-database/CoinPanda_ETH,0,1,1,0,0,0,0,0,0,0,-1,-1,-1
152,MYX Finance,ETH,0x6fe3e5d5459d7fd7aa7b6ab15c4efdd7164944c8,Yes,https://de.fi/rekt-database/MYX Finance,0,0,0,0,0,0,0,1,0,0,-1,-1,-1
153,AssetClub,ETH,0xe2fbcb75746d30b836bef7fa8e29f84e4190e79b,Yes,https://de.fi/rekt-database/AssetClub,0,0,0,0,0,0,0,1,0,0,-1,-1,-1
154,Expanso,ETH,0xa26b031ad7dd0ef0df4d6af983b3b77effbdbc86,Yes,https://de.fi/rekt-database/Expanso,0,0,0,0,0,0,0,1,0,0,-1,-1,-1
155,Changpeng Zhao,BSC,0x7ab51257164f6e9e6ed932aa676e3e6479f1b732,Yes,https://de.fi/rekt-database/Changpeng Zhao,0,1,0,0,0,0,0,0,0,0,-1,-1,-1
156,AISurf,BSC,0x564a4f365c9a60617ed0947893a2c23b0b79e8c2,Yes,https://de.fi/rekt-database/AISurf,0,0,0,0,0,0,0,1,0,0,-1,-1,-1
157,PAPABEAR,BSC,0x90f06678589c5a5ca2bc7424506a393baa2e76f8,Yes,https://de.fi/rekt-database/PAPABEAR,0,0,0,0,0,0,0,1,0,0,-1,-1,-1
158,RepubliK,BSC,0xa024fceaf429ca78b0b2a18fd274fbe229b1ed0e,Yes,https://de.fi/rekt-database/RepubliK,0,0,0,0,0,0,0,1,0,0,-1,-1,-1
159,DigiFund,BSC,0xd4ace1e96ac89a4612c12bb0bcadbd29d1eab19c,Yes,https://de.fi/rekt-database/DigiFund,0,0,0,0,0,0,0,1,0,0,-1,-1,-1
160,IPMB,BSC,0xb11d8dd1d5a13bbdd80c8c3e9c28f7abd6714fab,Yes,https://de.fi/rekt-database/IPMB,0,0,0,0,0,0,0,1,0,0,-1,-1,-1
161,Creso,BSC,0x1300e8702240429a4f3f66cb6ab2def51c0a2ee7,Yes,https://de.fi/rekt-database/Creso,0,0,0,0,0,0,0,1,0,0,-1,-1,-1
162,Web,BSC,0xc6e8b0a6249e51b5b55b85af847ef884517604d6,Yes,https://de.fi/rekt-database/Web,0,0,0,0,0,0,0,1,0,0,-1,-1,-1
163,GigaDAO,BSC,0x2530ab5b6508b3167494d57612613f68e11d8080,Yes,https://de.fi/rekt-database/GigaDAO,0,0,0,0,0,0,0,1,0,0,-1,-1,-1
164,DarkProtocol,BSC,0x106aabcde28b1c6fd93ed99a5ae12dfc31813629,Yes,https://de.fi/rekt-database/DarkProtocol,0,0,0,0,0,0,0,1,0,0,-1,-1,-1
165,TrustPad,BSC,0xf9333d7a78f00ba4aea964043d577c34af2497f8,Yes,https://de.fi/rekt-database/TrustPad,0,0,0,0,0,0,0,1,0,0,-1,-1,-1
166,Builders NFT,BSC,0xde0cf62d54a53f2c72a345bea4c0e9b6158f0662,Yes,https://de.fi/rekt-database/Builders NFT,0,0,0,0,0,0,0,1,0,0,-1,-1,-1
167,MEMEPAD,ETH,0x51348a7c3969e670b1763d4b1c17441804ea001d,Yes,https://de.fi/rekt-database/MEMEPAD,0,1,1,0,0,0,0,0,0,0,-1,-1,-1
168,Openfabric AI,BSC,0x91f8a9975604110c27630efaa069d3f6a4b844e7,Yes,https://de.fi/rekt-database/Openfabric AI,0,0,0,0,0,0,0,1,0,0,-1,-1,-1
169,L7 DEX,BSC,0x8b1d897ae48a0f6ee118eae829f2c1c8d48e44b7,Yes,https://de.fi/rekt-database/L7 DEX,0,0,0,0,0,0,0,1,0,0,-1,-1,-1
170,IVY,BSC,0xf99f2aec50adfde23cc67ab6240168b0a59f1d30,Yes,https://de.fi/rekt-database/IVY,0,0,1,0,0,0,0,0,1,0,-1,-1,-1
171,2049,BSC,0x996f581341881a796481916c6b3f34f1b74ffcdf,Yes,https://de.fi/rekt-database/2049,0,0,0,0,0,0,0,1,0,0,-1,-1,-1
172,MarbleX,BSC,0x30d79364ddc7c4a88a8dc753389fabd4fcde6b04,Yes,https://de.fi/rekt-database/MarbleX,0,0,0,0,0,0,0,1,0,0,-1,-1,-1
173,CommEX,BSC,0xd1c3ee0f845bcc38a8cb9dc5337dfd5a372bb8ed,Yes,https://de.fi/rekt-database/CommEX,0,0,0,1,0,0,0,0,0,0,-1,-1,-1
174,EigenLayer,BSC,0x14ac066ac2cd24cbde31f78659c11f13ab61e4e7,Yes,https://de.fi/rekt-database/EigenLayer,0,1,0,0,0,0,0,0,0,0,-1,-1,-1
175,DUO,BSC,0x1ed990bdcaef4b13b01f4996dde59ecd04f1343a,Yes,https://de.fi/rekt-database/DUO,0,0,0,1,0,0,0,0,0,0,-1,-1,-1
176,BNBpay,BSC,0xadd62696db2c2fb7de8e0f07f422e03bf69646a2,Yes,https://de.fi/rekt-database/BNBpay,0,0,0,1,0,0,0,0,0,0,-1,-1,-1
177,Yzer Token,ETH,0xcbb391907a492a1e721bb16ae0563243e2b71987,Yes,https://de.fi/rekt-database/Yzer Token,0,0,1,0,0,0,0,0,0,0,-1,-1,-1
178,Friendchips.tech,ETH,0x082d7215fdfa70d969d7fb5e783f8fe86a463330,No,https://de.fi/rekt-database/Friendchips.tech,0,1,0,0,0,0,0,0,0,1,-1,-1,-1
179,Boost Coin,ETH,0x302cae5dcf8f051d0177043c3438020b89b33218,Yes,https://de.fi/rekt-database/Boost Coin,0,0,1,1,0,0,0,0,0,0,-1,-1,-1
180,BabyShia,ETH,0x846422103b109efbe7dd15f541c3dfc838fc1848,Yes,https://de.fi/rekt-database/BabyShia,0,1,0,0,0,0,0,0,0,0,-1,-1,-1
181,Symbiosis,ETH,0xbe862864614fb652e663ea82fc3adead65e73d29,Yes,https://de.fi/rekt-database/Symbiosis,1,0,0,0,0,0,0,0,0,0,-1,-1,-1
182,Kizuna AI,ETH,0x15d5fed8f86732efec2c62e94ae8d434add7af1e,Yes,https://de.fi/rekt-database/Kizuna AI,0,0,1,0,0,0,0,0,0,1,-1,-1,-1
183,Hachiko,ETH,0x7bfebd989ef62f7f794d9936908565da42fa6d70,Yes,https://de.fi/rekt-database/Hachiko,0,0,0,1,0,0,0,0,0,0,-1,-1,-1
184,LayerZero,BSC,0x2266362f414bf2476c5465dc2ea953fe2a99ae1c,Yes,https://de.fi/rekt-database/LayerZero,0,1,0,0,0,0,0,0,0,0,-1,-1,-1
185,Frontfanz,BSC,0x1f373733ed5d6999908ea80b69b2d9cd2d63d98b,Yes,https://de.fi/rekt-database/Frontfanz,0,0,0,0,0,0,0,1,0,0,-1,-1,-1
186,Friend Tech,ETH,0x2cf82a3ad32aa580110278022a6493b631044bef,Yes,https://de.fi/rekt-database/Friend Tech,0,1,0,0,0,0,0,0,0,0,-1,-1,-1
187,Snake EYes,ETH,0x56d7e6a12f56dfca75fbb3f62b6f647f56f63445,Yes,https://de.fi/rekt-database/Snake EYes,0,0,0,1,0,0,0,0,0,0,-1,-1,-1
188,Jigsaw saw you,ETH,0xc58713ab4f62000ad9a59a913c97b89bb8f62282,Yes,https://de.fi/rekt-database/Jigsaw saw you,0,0,0,1,0,0,0,0,0,0,-1,-1,-1
189,Gladiator,ETH,0xe9c28e4f233d3c64e2274e75701952ef35696d47,Yes,https://de.fi/rekt-database/Gladiator,0,0,0,1,0,0,0,0,0,0,-1,-1,-1
190,KUKUCoin,ETH,0x593a3e0037c18237e153f9d00797926866ee923d,Yes,https://de.fi/rekt-database/KUKUCoin,0,1,0,0,0,0,0,0,0,0,-1,-1,-1
191,CIRCLE (fake),BSC,0x84ef2e2e977062da3cfc12c038fa3ce2d42d01b1,Yes,https://de.fi/rekt-database/CIRCLE (fake),0,0,0,1,0,0,0,0,0,0,-1,-1,-1
192,GGBOND,ETH,0xf6af193b542ce3fd00f120a49e1a5c343f74cf4a,Yes,https://de.fi/rekt-database/GGBOND,0,0,1,1,0,0,0,0,0,0,-1,-1,-1
193,BabyShiba2.0,BSC,0xc8cbe83ed79cf762b74518be313ea5c1da0fff6c,No,https://de.fi/rekt-database/BabyShiba2.0,1,0,0,0,0,0,0,0,0,0,-1,-1,-1
194,Coin,ETH,0x517ac17dbcd76f97c994dfe3d322f0c2ff9eda17,Yes,https://de.fi/rekt-database/Coin,0,0,1,0,0,0,0,0,0,0,-1,-1,-1
195,Plankton Plankton,ETH,0x7a1abb5b9baab8d971a318800dd43c8fb91b37ba,Yes,https://de.fi/rekt-database/Plankton Plankton,0,0,0,1,0,0,0,0,0,0,-1,-1,-1
196,Tommy VICE CITY,ETH,0x19273d7f057a0ed9ae63d3fa025a852c5a430829,Yes,https://de.fi/rekt-database/Tommy VICE CITY,1,0,0,0,0,0,0,0,0,0,-1,-1,-1
197,LK-99 Protocol,ETH,0x883e2496df47c07c7f2987691f99d491328d98c1,Yes,https://de.fi/rekt-database/LK-99 Protocol,1,0,0,0,0,0,0,0,0,0,-1,-1,-1
198,DeriTrade,BSC,0x738ea75b01d8db931b4374c6ebd3de82d7d3a272,Yes,https://de.fi/rekt-database/DeriTrade,0,1,0,0,0,0,0,0,0,0,-1,-1,-1
199,Satori,BSC,0x6df52fc4c234600d2d1f064c33be762146964bb1,Yes,https://de.fi/rekt-database/Satori,0,0,0,1,0,0,0,0,0,0,-1,-1,-1
200,One For The Books,ETH,0x2a763105e8abf596f9fb1a3fd07e776a26720b08,Yes,https://de.fi/rekt-database/One For The Books,1,0,0,0,0,0,0,0,0,0,-1,-1,-1
201,Majin Buu,ETH,0xf746d527336e299ce53e2ed337c2668d6cfb7c5e,Yes,https://de.fi/rekt-database/Majin Buu,1,0,0,0,0,0,0,0,0,0,-1,-1,-1
202,RAIDEN GOD Thunder,ETH,0x13e9e6160b3e48cfc07b6b8c0aeed2ef3cc66bc9,Yes,https://de.fi/rekt-database/RAIDEN GOD Thunder,1,0,0,0,0,0,0,0,0,0,-1,-1,-1
203,Hu Tao Spirit Soother,ETH,0xc29284ef3551767b37a2ccbd54cfcbd30384b58c,Yes,https://de.fi/rekt-database/Hu Tao Spirit Soother,1,0,0,0,0,0,0,0,0,0,-1,-1,-1
204,zkSync Copycat,BSC,0x8f2775e4be08055c7dd4ebf654628b183106a8e1,Yes,https://de.fi/rekt-database/zkSync Copycat,0,0,0,1,0,0,0,0,0,0,-1,-1,-1
205,Terk The Gorilla,ETH,0xea05110ce800719cc041e5fe79490af0d94d803f,Yes,https://de.fi/rekt-database/Terk The Gorilla,1,0,0,0,0,0,0,0,0,0,-1,-1,-1
206,Bare Bear,ETH,0x9d41227c99c75cccbf4fc65cb3585a5798e77009,Yes,https://de.fi/rekt-database/Bare Bear,1,0,0,0,0,0,0,0,0,0,-1,-1,-1
207,ROACH RACE,ETH,0xac17a40635c3c3f824562b77e79ce2f5c5295bed,Yes,https://de.fi/rekt-database/ROACH RACE,0,0,1,0,0,0,0,0,0,0,-1,-1,-1
208,Popeye the Sailor,ETH,0x0f5dd8d652b3910feebf6dae75df794a35e2fd93,Yes,https://de.fi/rekt-database/Popeye the Sailor,1,0,0,0,0,0,0,0,0,0,-1,-1,-1
209,Kaonashi the Faceless,ETH,0x3eb4fc424fab9100a64c87dc19602ed03cb1b4b3,Yes,https://de.fi/rekt-database/Kaonashi the Faceless,1,0,0,0,0,0,0,0,0,0,-1,-1,-1
210,AORcoin,BSC,0x8e404e8cace57ddb2e18978fdcc44753338f363a,Yes,https://de.fi/rekt-database/AORcoin,0,0,1,0,0,1,0,0,0,0,-1,-1,-1
211,Wettok Market,BSC,0xced59c3249f20ca36fba764bfdd9d94f471b3154,Yes,https://de.fi/rekt-database/Wettok Market,0,1,0,0,0,0,0,0,0,0,-1,-1,-1
212,Gandalf The Grey,ETH,0xf419707b7c8cc13fa2803e8aa57f248b20510319,Yes,https://de.fi/rekt-database/Gandalf The Grey,1,0,0,0,0,0,0,0,0,0,-1,-1,-1
213,Scooby Pepe,ETH,0x8e2aada8069c2fce1139de697870e83f4145a8ab,Yes,https://de.fi/rekt-database/Scooby Pepe,1,0,0,0,0,0,0,0,0,0,-1,-1,-1
214,Toothless - How to train meme,ETH,0x807a7f15e3aa1b2188c71ab744369d422b2de3af,Yes,https://de.fi/rekt-database/Toothless - How to train meme,1,0,0,0,0,0,0,0,0,0,-1,-1,-1
215,Patex,BSC,0x231b69254d48de6e96c395100b3d9bce8d658e49,Yes,https://de.fi/rekt-database/Patex,0,0,0,1,0,0,0,0,0,0,-1,-1,-1
216,ROBIN HOOD,ETH,0x5db5bbd56bd5b5bd456b537b6759a768ea2883de,Yes,https://de.fi/rekt-database/ROBIN HOOD,1,0,0,0,0,0,0,0,0,0,-1,-1,-1
217,MOJO,ETH,0xb330c402506b61ba6e351da7d217c4bb52364333,Yes,https://de.fi/rekt-database/MOJO,1,0,1,0,0,0,0,0,0,0,-1,-1,-1
218,DMD,BSC,0xdd63525fab69a97224962a076a642bfcf0714f2e,Yes,https://de.fi/rekt-database/DMD,0,0,0,0,0,0,0,0,0,1,-1,-1,-1
219,PAULY,ETH,0xf1f8444b084d8d92f121ec4194ab8eddbc74cdc8,Yes,https://de.fi/rekt-database/PAULY,0,1,0,0,0,0,0,0,0,0,-1,-1,-1
220,Agent Smith,ETH,0xe9be1172e2a12deada42fd397ff8d4d9ed227a30,Yes,https://de.fi/rekt-database/Agent Smith,0,1,0,0,0,0,0,0,0,0,-1,-1,-1
221,AI C-3PO,ETH,0xa2036f15f47d6c85d9a9338390496032b9823ce5,Yes,https://de.fi/rekt-database/AI C-3PO,0,1,0,0,0,0,0,0,0,0,-1,-1,-1
222,fren,ETH,0x37941b3fdb2bd332e667d452a58be01bcacb923e,Yes,https://de.fi/rekt-database/fren,0,0,1,0,0,0,0,0,0,0,-1,-1,-1
223,The Onigiri Neko,ETH,0xb4615aad766f6de3c55330099e907ff7f13f1582,Yes,https://de.fi/rekt-database/The Onigiri Neko,0,0,1,0,0,0,0,0,0,0,-1,-1,-1
224,Jar Jar Binks,ETH,0x1ee508008b30248ac6b077df6904cfca4c63785b,Yes,https://de.fi/rekt-database/Jar Jar Binks,0,1,0,0,0,0,0,0,0,0,-1,-1,-1
225,ZUCK,ETH,0x70730a580c7dc0a635029aed8dd5edb7d150af4a,Yes,https://de.fi/rekt-database/ZUCK,0,0,1,0,0,0,0,0,0,0,-1,-1,-1
226,PEPEHUB,ETH,0xc3c51c071e5f1eca09575ac35e90956ae3b27311,Yes,https://de.fi/rekt-database/PEPEHUB,0,1,0,0,0,0,0,0,0,0,-1,-1,-1
227,MIKE and SID Tokens,ETH,0x8b99bb8ddd8103cbeccc3b20c4b0038ca65a51ae,Yes,https://de.fi/rekt-database/MIKE and SID Tokens,0,1,0,0,0,0,0,0,0,0,-1,-1,-1
228,DubaiCEO,ETH,0x4876c5892d975780405f1b73802221b2850feb8e,Yes,https://de.fi/rekt-database/DubaiCEO,0,1,0,0,0,0,0,0,0,0,-1,-1,-1
229,Dogecoin 3.0,ETH,0x820ba67398c3ea745eb8766fd3f444a92d4de316,No,https://de.fi/rekt-database/Dogecoin 3.0,0,0,0,1,0,0,0,0,0,0,-1,-1,-1
230,Boring Nakas,ETH,0xf30a9cd4cd1fd9ea3270afcecde5fece34bc4aca,Yes,https://de.fi/rekt-database/Boring Nakas,0,0,1,1,0,0,0,0,0,0,-1,-1,-1
231,ArchWay Fake,BSC,0xe6eff43ca45b23470e36c9148f1beb24ca38d572,Yes,https://de.fi/rekt-database/ArchWay Fake,0,0,1,1,0,1,0,0,0,0,-1,-1,-1
232,mCoin,BSC,0x6d86f0a41c3966cef8ea139648db707e912563c9,Yes,https://de.fi/rekt-database/mCoin,0,1,1,0,0,0,0,0,0,0,-1,-1,-1
233,Beamsplittr,ETH,0x05c9b6764a153faf4262d3885a845af694775953,Yes,https://de.fi/rekt-database/Beamsplittr,0,1,0,1,0,0,0,0,0,0,-1,-1,-1
234,CLOUD NFT,BSC,0x4a4ed2069ace9d0835a03716174c3c8f8882dc93,Yes,https://de.fi/rekt-database/CLOUD NFT,1,1,1,0,0,0,0,0,0,0,-1,-1,-1
235,TWEETY-MEGA-FUMO,ETH,0x6f5bafffc6bf7e17e9fdb2ddae79aee976ca0dd1,Yes,https://de.fi/rekt-database/TWEETY-MEGA-FUMO,0,1,1,0,0,0,0,0,0,0,-1,-1,-1
236,EthBread Token,BSC,0xc84e1748376781c09703c1292d9dd659ebfc0c8b,Yes,https://de.fi/rekt-database/EthBread Token,0,0,0,1,0,0,0,0,0,0,-1,-1,-1
237,Greatest Of All Time (GOAT),ETH,0xcc63f8f2def2202f928b594ff80d8ba30d447d7e,Yes,https://de.fi/rekt-database/Greatest Of All Time (GOAT),0,1,0,0,0,0,0,0,0,0,-1,-1,-1
238,GUIDO The Mechanics,ETH,0x7907c5172ed24eb569f0c45141ce4e27851b9146,Yes,https://de.fi/rekt-database/GUIDO The Mechanics,0,1,0,0,0,0,0,0,0,0,-1,-1,-1
239,BAT Token,BSC,0xbd2f6b7a19f2449675f7432d29d1dc1150ccd08f,Yes,https://de.fi/rekt-database/BAT Token,0,0,1,0,0,0,0,0,0,0,-1,-1,-1
240,Midgets Token,ETH,0x917216459430b99034767416c21f54f82abb5db6,Yes,https://de.fi/rekt-database/Midgets Token,0,1,0,0,0,0,0,0,0,0,-1,-1,-1
241,SpaceX Copycat,ETH,0x3bb1c03e4ed495acd60476211859729dc579502f,Yes,https://de.fi/rekt-database/SpaceX Copycat,0,0,0,1,0,0,0,0,0,0,-1,-1,-1
242,ETE Token,BSC,0x367f87879bb49117cc0d0e92ec65bb2aabb2b823,Yes,https://de.fi/rekt-database/ETE Token,0,0,1,0,0,0,0,0,0,0,-1,-1,-1
243,OkayLetsGo,ETH,0x5dbb9f64cd96e2dbbca58d14863d615b67b42f2e,Yes,https://de.fi/rekt-database/OkayLetsGo,0,0,1,0,0,0,0,0,0,0,-1,-1,-1
244,SCT Token,BSC,0x4ee98216499b81a9942e7aa77970b68c792ff679,Yes,https://de.fi/rekt-database/SCT Token,0,0,0,1,0,0,0,0,0,0,-1,-1,-1
245,MoveCash,BSC,0xf3dbdf718667874e19ef368721a10409345fc218,Yes,https://de.fi/rekt-database/MoveCash,0,0,1,0,0,0,0,0,0,0,-1,-1,-1
246,POOPEPE token,ETH,0x36206debfaf4c686be01e5e68fdea66d09b4319a,Yes,https://de.fi/rekt-database/POOPEPE token,0,1,0,1,0,0,0,0,0,0,-1,-1,-1
247,Mother,BSC,0xc3602d8d7301a69b8e36ac438b911fbe4f8a37b3,Yes,https://de.fi/rekt-database/Mother,0,1,1,0,0,0,0,0,0,0,-1,-1,-1
248,Linda Yaccarino,BSC,0x8883fa1d06b1653b08557f90f19c92b86c382cfb,Yes,https://de.fi/rekt-database/Linda Yaccarino,0,1,1,0,0,0,0,0,0,0,-1,-1,-1
249,BitPaid,BSC,0x40f75ed09c7bc89bf596ce0ff6fb2ff8d02ac019,Yes,https://de.fi/rekt-database/BitPaid,0,1,0,0,0,0,0,0,0,0,-1,-1,-1
250,GN,ETH,0xc5019e129b75d380d3d837b8e609dec6c8f5d044,Yes,https://de.fi/rekt-database/GN,0,0,1,1,0,0,0,0,0,0,-1,-1,-1
251,Void.Cash,ETH,0x37cd4e8875e3edaffdfe9be63958f07effbd0bfd,No,https://de.fi/rekt-database/Void.Cash,0,1,0,1,0,0,0,0,0,0,-1,-1,-1
252,fcdep,BSC,0x66fff5bb007c4885a00fc14bdb1eee389b804ef7,Yes,https://de.fi/rekt-database/fcdep,0,1,0,1,0,0,0,0,0,0,-1,-1,-1
253,Pepe Coin,BSC,0x79879c0a8b949458dfa60ca7a8df24f59e42bb1b,Yes,https://de.fi/rekt-database/Pepe Coin,0,1,0,0,0,0,0,1,0,0,-1,-1,-1
254,ANT Token,BSC,0xd029fdbf7b826c97982f3dabe4f930d9148363fe,Yes,https://de.fi/rekt-database/ANT Token,0,0,0,0,0,0,0,1,0,0,-1,-1,-1
255,Move token,BSC,0xed0624512d6d4c8e6b1335d5039b53e82400e037,Yes,https://de.fi/rekt-database/Move token,0,0,1,1,0,0,0,0,0,0,-1,-1,-1
256,ChainGPT,BSC,0x6e70ee54564298e7f1dc0523f8190aef8529ebbf,Yes,https://de.fi/rekt-database/ChainGPT,0,1,0,0,0,0,0,1,0,0,-1,-1,-1
257,Iwr token,BSC,0xb9934562d37e5a6c883de7ce54d6febb36dcbfda,Yes,https://de.fi/rekt-database/Iwr token,0,0,1,0,0,0,0,0,0,1,-1,-1,-1
258,Theory Craft Fames,BSC,0x5459b93a1bdf9cb027e70cdf7bfc450e41fdf326,Yes,https://de.fi/rekt-database/Theory Craft Fames,0,0,0,1,0,0,0,0,0,0,-1,-1,-1
259,XCAD,BSC,0x2f8726192d599806e1eabbed1687e48e38e56489,Yes,https://de.fi/rekt-database/XCAD,0,0,0,1,0,0,0,0,0,0,-1,-1,-1
260,PCORE,BSC,0x76d44d2d4056b48c30a2eeacbd1583d3c7087a6d,Yes,https://de.fi/rekt-database/PCORE,0,0,1,1,0,0,0,0,0,0,-1,-1,-1
261,Script Token,BSC,0xd4ac227eb1a4c0384aae06f7808f08bb8f516ebf,Yes,https://de.fi/rekt-database/Script Token,0,0,0,1,0,0,0,0,0,0,-1,-1,-1
262,Arbitrum token,BSC,0x62dfdb6e54b4e876e5e7003a71097ddd5affaa05,Yes,https://de.fi/rekt-database/Arbitrum token,0,0,0,0,0,0,0,1,0,0,-1,-1,-1
263,BWR,BSC,0x0725a39120e3987dc88856800c409260286616c2,Yes,https://de.fi/rekt-database/BWR,0,0,1,1,0,0,0,0,0,1,-1,-1,-1
264,Finance,BSC,0x636cc5d886f928c2e33d0d52b0fcae0155cbce25,Yes,https://de.fi/rekt-database/Finance,0,0,0,1,0,0,0,0,0,0,-1,-1,-1
265,DESTINY Protocol,BSC,0x673246c704b6ba3982549230e9b05acf07c255b6,Yes,https://de.fi/rekt-database/DESTINY Protocol,0,0,1,1,0,0,0,0,0,1,-1,-1,-1
266,EC token,BSC,0xe7a4d4669ad6b445f213e213768d0673c2637795,Yes,https://de.fi/rekt-database/EC token,0,0,1,0,0,0,0,0,0,0,-1,-1,-1
267,Project culs,BSC,0xc31abb4be8d38772b90b46be7e88f84cfe08cef9,Yes,https://de.fi/rekt-database/Project culs,0,0,1,0,0,0,0,0,0,0,-1,-1,-1
268,APPLE,BSC,0x8f81bbc8cd2484b252e8288528cf2ec903619369,Yes,https://de.fi/rekt-database/APPLE,0,0,1,0,0,0,0,0,0,0,-1,-1,-1
269,SpaceID,BSC,0x8993bb142c1be4dd22c1f79b3a68b18852b55aad,Yes,https://de.fi/rekt-database/SpaceID,0,0,0,0,0,0,0,0,0,1,-1,-1,-1
270,LightLink token,BSC,0x44ce3a2e98125c1c370beb6fba6e8bc19cab3fd9,Yes,https://de.fi/rekt-database/LightLink token,0,0,0,1,0,0,0,0,0,0,-1,-1,-1
271,Sloth Climb,BSC,0xbcc1ae526d8bebab02af19945a866ddc0df80f37,Yes,https://de.fi/rekt-database/Sloth Climb,0,0,0,0,0,0,0,1,0,0,-1,-1,-1
272,Block Chain Games,BSC,0x6185521d06f17ab5fbe187dc9a699c3c021090d5,Yes,https://de.fi/rekt-database/Block Chain Games,0,0,0,0,0,0,0,1,0,0,-1,-1,-1
273,ProTradeX,BSC,0xa73835d6337719f316ad66f3c11ac6cc9bcf7b07,Yes,https://de.fi/rekt-database/ProTradeX,0,0,1,1,0,0,0,0,0,0,-1,-1,-1
274,Hex Trust Token,BSC,0x0003018ba02bacafc28cd8926d4a46a4bb20d76a,Yes,https://de.fi/rekt-database/Hex Trust Token,1,1,0,0,0,0,0,0,0,0,-1,-1,-1
275,JNB Token,BSC,0x9119e3f30c18b9e6b16ab6589534391e5e4a5653,Yes,https://de.fi/rekt-database/JNB Token,0,0,1,0,0,0,0,0,0,1,-1,-1,-1
276,Friendsies,ETH,0xe5af63234f93afd72a8b9114803e33f6d9766956,Yes,https://de.fi/rekt-database/Friendsies,0,0,0,0,0,0,0,1,0,0,-1,-1,-1
277,MOON Token,BSC,0x5a6b8dad072bb9257dcd6b3125126c0637aa2f0a,Yes,https://de.fi/rekt-database/MOON Token,0,0,0,1,0,0,0,0,0,0,-1,-1,-1
278,OBB Token,BSC,0xd23b64dbd334d12c38f09cc9eb23350aa1034c30,Yes,https://de.fi/rekt-database/OBB Token,0,0,1,1,0,0,0,0,0,0,-1,-1,-1
279,Coin Merge,ETH,0xc48b4814faed1ccc885dd6fde62a6474aecbb19a,Yes,https://de.fi/rekt-database/Coin Merge,0,0,0,1,0,0,0,0,0,0,-1,-1,-1
280,AkiInuToken,BSC,0x4b6cb2bf1f0b594d0211c4df2b0dd1aa4c7a1892,Yes,https://de.fi/rekt-database/AkiInuToken,0,0,0,1,0,0,0,0,0,1,-1,-1,-1
281,Dreams Come True,BSC,0x48a0b5f2d0f36598f470334f4fe21900bf2bf71b,Yes,https://de.fi/rekt-database/Dreams Come True,0,0,1,0,0,1,0,0,0,0,-1,-1,-1
282,SUI Token,BSC,0x29bb058cc9f11ec778a6691a4ea4c54186837112,Yes,https://de.fi/rekt-database/SUI Token,1,1,0,0,0,0,0,0,0,0,-1,-1,-1
283,Zodiac Credit,BSC,0x436f510a72f7972996b07dc2edeafa26308539e7,Yes,https://de.fi/rekt-database/Zodiac Credit,0,0,1,1,0,0,0,0,0,0,-1,-1,-1
284,ROT Token,BSC,0xc631a358c9ef5da18144a185b7122735d4c04be9,Yes,https://de.fi/rekt-database/ROT Token,0,0,0,1,0,0,0,0,0,0,-1,-1,-1
285,DOXED,BSC,0xeda3eb7a5494443beb800cd4cc70388228cee84e,Yes,https://de.fi/rekt-database/DOXED,0,0,1,1,0,1,0,0,0,0,-1,-1,-1
286,BONK Inu,Polygon,0x5f594c5fe7d5688f1cc5df2869d6019dfd99a208,Yes,https://de.fi/rekt-database/BONK Inu,0,1,1,1,0,0,0,0,0,0,-1,-1,-1
287,Dictum Exchange,Arbitrum,0xfd808d72761ad2423f100c53aa2f2c7f133def0a,Yes,https://de.fi/rekt-database/Dictum Exchange,0,0,0,0,0,0,0,1,0,0,-1,-1,-1
288,Snowflake,BSC,0xe0f463832295adf63eb6ca053413a3f9cd8bf685,Yes,https://de.fi/rekt-database/Snowflake,0,1,0,0,0,0,0,0,0,0,-1,-1,-1
289,BTC-por,BSC,0x7e20fec0e64e81e4b9812bd4886cd1fd3ad4df45,Yes,https://de.fi/rekt-database/BTC-por,0,0,1,1,0,0,0,0,0,1,-1,-1,-1
290,Safuu Protocol,BSC,0xe5ba47fd94cb645ba4119222e34fb33f59c7cd90,Yes,https://de.fi/rekt-database/Safuu Protocol,0,0,0,1,0,0,0,0,0,0,-1,-1,-1
291,TTTT,BSC,0x374df15933567e9b3ef19361d64b708519d31695,Yes,https://de.fi/rekt-database/TTTT,0,0,1,0,0,0,0,0,0,0,-1,-1,-1
292,A6 Token,BSC,0xe77d77309027c71f006dff5d2f1b76060f4f5f13,Yes,https://de.fi/rekt-database/A6 Token,0,0,1,1,0,0,0,0,0,0,-1,-1,-1
293,Freeway,ETH,0x20e7125677311fca903a8897042b9983f22ea295,Yes,https://de.fi/rekt-database/Freeway,0,0,0,0,0,0,0,1,0,0,-1,-1,-1
294,Easier,BSC,0x82b558c60fc4d1e12862b0d8fad693ae81aba48c,Yes,https://de.fi/rekt-database/Easier,0,1,0,0,0,0,0,0,0,0,-1,-1,-1
295,Lets Go Farming Token,ETH,0x4eadbfe053dcecdf13e51dc5e429305be6a802d3,Yes,https://de.fi/rekt-database/Lets Go Farming Token,0,0,1,0,0,0,0,0,0,0,-1,-1,-1
296,Hunter Doge,BSC,0x1d7f3bcd965bfd03eec6942f283516708bb448a9,Yes,https://de.fi/rekt-database/Hunter Doge,0,0,0,0,0,0,0,1,0,0,-1,-1,-1
297,F*ck The Merge,ETH,0x3f2807f783c394641a9fd1bbb568b5fcbec25575,Yes,https://de.fi/rekt-database/F*ck The Merge,1,1,0,0,0,0,0,0,0,0,-1,-1,-1
298,World Cup,BSC,0x4a3c2be1caa3cb7e0a2c34b11b383fb82da5162f,Yes,https://de.fi/rekt-database/World Cup,0,0,1,0,0,0,0,0,0,0,-1,-1,-1
299,APE,ETH,0x40e0a6ef9dbadfc83c5e0d15262feb4638588d77,Yes,https://de.fi/rekt-database/APE,0,0,1,0,0,0,0,0,0,0,-1,-1,-1
300,ArenaPlayAPC,BSC,0x2aa504586d6cab3c59fa629f74c586d78b93a025,Yes,https://de.fi/rekt-database/ArenaPlayAPC,0,0,0,1,0,0,0,0,0,0,-1,-1,-1
301,SHADE INU Token,BSC,0x24676ea2799ac6131e77bcd627cb27dee5c43d7e,Yes,https://de.fi/rekt-database/SHADE INU Token,0,0,0,0,0,0,0,0,0,1,-1,-1,-1
302,Meta Apes,BSC,0x208cfec94d2ba8b8537da7a9bb361c6baad77272,Yes,https://de.fi/rekt-database/Meta Apes,0,1,0,1,0,0,0,0,0,0,-1,-1,-1
303,ACC TOKEN,BSC,0x5dc53496e8dd50887785d75d432cba6a86f82cad,Yes,https://de.fi/rekt-database/ACC TOKEN,0,0,1,1,0,0,0,0,0,0,-1,-1,-1
304,AniMoon,ETH,0x988a3e9834f1a4977e6f727e18ea167089349ba2,Yes,https://de.fi/rekt-database/AniMoon,0,1,0,0,0,0,0,0,0,0,-1,-1,-1
305,Blizz Finance,Avax,0x0f34919404a290e71fc6a510cb4a6acb8d764b24,Yes,https://de.fi/rekt-database/Blizz Finance,0,1,0,0,0,0,0,0,0,0,-1,-1,-1
306,DOGETAMA,ETH,0x25e44e0250f0492c188918f2d726b4861263ef5b,Yes,https://de.fi/rekt-database/DOGETAMA,0,0,1,0,0,0,0,0,0,0,-1,-1,-1
307,HyperVerse,BSC,0xaafa10755b3b1dbf46e86d973c3f27f3671ed9db,Yes,https://de.fi/rekt-database/HyperVerse,0,1,0,0,0,0,0,0,0,0,-1,-1,-1
308,Miss Universe NFT,ETH,0xa048c212449c68eaaf866309c1202db7ab512c5c,Yes,https://de.fi/rekt-database/Miss Universe NFT,0,0,0,1,0,0,0,0,0,0,-1,-1,-1
309,AutobotDefi,Fantom,0x27c828e9f972dc907bcea3d87f194c6b533d808d,Yes,https://de.fi/rekt-database/AutobotDefi,0,1,0,1,0,0,0,0,0,0,-1,-1,-1
310,ElectronDAO,Polygon,0x9943107d6fc813a257c7ceb63ee4bc238e49cfb8,Yes,https://de.fi/rekt-database/ElectronDAO,0,1,0,0,0,0,0,0,0,0,-1,-1,-1
311,Meta Pets,ETH,0x17cd80aa8f4aed7c403e4c6b9c2cd3fabef09d99,Yes,https://de.fi/rekt-database/Meta Pets,0,0,1,1,0,1,0,0,0,1,-1,-1,-1
313,Squid Game,BSC, 0x9531c509a24ceec710529645fc347341ff9f15ea,Yes,https://de.fi/rekt-database/Squid Game,0,0,0,0,0,0,0,1,0,0,-1,-1,-1
314,AnubisDAO,ETH,0x507586012a126421c3669a64b8393fffa9c44462,Yes,https://de.fi/rekt-database/AnubisDAO,0,1,0,0,0,0,0,0,0,0,-1,-1,-1
315,Mystery,Fantom,0x3308cecce12518ed1a075bbd4eca20273b5b8ff1,Yes,https://de.fi/rekt-database/Mystery,0,1,0,0,0,0,0,0,0,0,-1,-1,-1
316,FlokiFarmToken,Fantom,0x710122026bf280f3c99a829f33e9fa4d8df73dc0,Yes,https://de.fi/rekt-database/FlokiFarmToken,0,1,0,0,0,0,0,0,0,0,-1,-1,-1
317,Daughter Doge Revenge Token,BSC,0x20b9ffd06d32eaee94edcd9098db01b2d13d4c61,Yes,https://de.fi/rekt-database/Daughter Doge Revenge Token,0,1,0,0,0,0,0,0,0,0,-1,-1,-1
318,AwakenedToken,Fantom,0x98cb26fc9bc01fabeae0a6acd661d8bbbbb863be,Yes,https://de.fi/rekt-database/AwakenedToken,0,1,0,0,0,0,0,0,0,0,-1,-1,-1
319,LionKingToken,Fantom,0xbdcfc20eb75d52e6a408aba5e16e8999b18a2653,Yes,https://de.fi/rekt-database/LionKingToken,0,1,0,0,0,0,0,0,0,0,-1,-1,-1
320,Polyrock Finance,Polygon,0x72f9ebc0ba6d64603621469258e6687f2c4921da,Yes,https://de.fi/rekt-database/Polyrock Finance,0,1,0,0,0,0,0,0,0,0,-1,-1,-1
321,PolyRainbowToken,Polygon,0xf093b0e654ec92bf0c2abc0d94e4a7e673fd03d4,Yes,https://de.fi/rekt-database/PolyRainbowToken,0,1,0,0,0,0,0,0,0,0,-1,-1,-1
322,Evolved Apes,ETH,0x233a65b06ef83ccf2fd58832086dd782f9da1642,Yes,https://de.fi/rekt-database/Evolved Apes,0,1,0,0,0,0,0,0,0,0,-1,-1,-1
323,Symmetry.Markets,BSC,0x67b537abe7187e357d67593aa7a46806d0275389,Yes,https://de.fi/rekt-database/Symmetry.Markets,0,1,0,0,0,0,0,0,0,0,-1,-1,-1
324,PolarBearToken,Polygon,0xa2eb9e826d66d8399ad4b75d01da8f30ae29ef8b,Yes,https://de.fi/rekt-database/PolarBearToken,0,1,0,0,0,0,0,0,0,0,-1,-1,-1
325,Boon Tech,ETH,0xe83e098eedb43b33d340d4757529e5a2c4ee3230,Yes,https://de.fi/rekt-database/Boon Tech,0,0,0,1,0,0,0,0,0,0,-1,-1,-1
326,BlockChain of Things,ETH,0x0cd7ca934c174f43b2c69683ed302db0f5cf199e,Yes,https://de.fi/rekt-database/BlockChain of Things,0,1,1,1,0,0,0,0,0,0,-1,-1,-1
327,Hallowenswap,Polygon,0x15f203e0bf4f86f9c3b4a35be5433f2f9daf2188,Yes,https://de.fi/rekt-database/Hallowenswap,0,1,0,0,0,0,0,0,0,0,-1,-1,-1
328,ChocSwap.finance,BSC,0x9da9dc22c7b7d1d38a01ee074ed46a8e10e129ad,No,https://de.fi/rekt-database/ChocSwap.finance,0,1,0,0,0,0,0,0,0,0,-1,-1,-1
329,PolyGladiatorToken,Polygon,0x1193b7059d65873efd8f781d77c60f1b81fe2ab2,Yes,https://de.fi/rekt-database/PolyGladiatorToken,0,1,0,0,0,0,0,0,0,0,-1,-1,-1
330,MagicToken,Fantom,0x454329a3a3f7e2b98c47fd0392e863dc6f51567f,Yes,https://de.fi/rekt-database/MagicToken,0,1,0,0,0,0,0,0,0,0,-1,-1,-1
331,PolyMountain,Polygon,0x78aa8f4c712d2be19e75472737e5e0d9ca43763e,Yes,https://de.fi/rekt-database/PolyMountain,0,1,0,0,0,0,0,0,0,0,-1,-1,-1
332,PolyHomerToken,Polygon,0xeb9126d215f8c87b7dd864b3011fbb46260bcbe6,Yes,https://de.fi/rekt-database/PolyHomerToken,0,1,0,0,0,0,0,0,0,0,-1,-1,-1
333,PlugToken,Polygon,0xaf6193aeaffdd9c89d7b3a2bc9a96676328df230,Yes,https://de.fi/rekt-database/PlugToken,0,1,0,0,0,0,0,0,0,0,-1,-1,-1
334,PenginFinance Token,BSC,0x4fbdfb60ec6123821d09d645fb94511a93c49f13,Yes,https://de.fi/rekt-database/PenginFinance Token,0,1,0,0,0,0,0,0,0,0,-1,-1,-1
335,GullFinance Token,Polygon,0xe007e72142217204041c6bf08e8dc0c9387d3cca,Yes,https://de.fi/rekt-database/GullFinance Token,0,1,0,0,0,0,0,0,0,0,-1,-1,-1
336,BloodySwap,Polygon,0x7a2efb71a36b387e35e2cc683435727e35c1e978,Yes,https://de.fi/rekt-database/BloodySwap,0,1,0,0,0,0,0,0,0,0,-1,-1,-1
337,Cool Cats,ETH,0x2dab4ce3490bb50b2ea4c07ab1b6a9cfe29d89b3,No,https://de.fi/rekt-database/Cool Cats,0,0,0,0,0,0,0,0,0,0,-1,-1,-1
338,TrollFace,BSC,0xea27688726a94c21180a300484d55a791f993fc6,Yes,https://de.fi/rekt-database/TrollFace,0,1,0,0,0,0,0,0,0,0,-1,-1,-1
339,Gold Finance,BSC,0x967e7ef78afbb658f1894f4d48fbe82899d5c4e8,Yes,https://de.fi/rekt-database/Gold Finance,0,1,0,0,0,0,0,0,0,0,-1,-1,-1
340,EOS,ETH,0x86fa049857e0209aa7d9e616f7eb3b3b78ecfdb0,Yes,https://de.fi/rekt-database/EOS,0,1,0,0,0,0,0,0,0,0,-1,-1,-1
341,PePe Coin,BSC,0xb183814602773f3156fc149016800f3b913b4c29,Yes,https://de.fi/rekt-database/PePe Coin,0,1,1,1,0,0,0,0,0,0,-1,-1,-1
342,MoneyTreeFarm,Polygon,0xc38a62ecfcb31a69c9f7e5a39e9d0320d2f6729f,Yes,https://de.fi/rekt-database/MoneyTreeFarm,0,1,0,0,0,0,0,0,0,0,-1,-1,-1
343,White Moon Finance,BSC,0xe62ae6bf3817196d1122683df1ae4019014dd0b5,Yes,https://de.fi/rekt-database/White Moon Finance,0,1,0,0,0,0,0,0,0,0,-1,-1,-1
344,Swaaaaap.com,BSC,0x1c738fc81d6dd69ad0bbc86b23f43265d65d92ce,No,https://de.fi/rekt-database/Swaaaaap.com,0,1,0,0,0,0,0,0,0,0,-1,-1,-1
345,BeastMode Token,BSC,0x4a6569ff2ca81a37342875d684aeb95e0a6d0534,Yes,https://de.fi/rekt-database/BeastMode Token,0,1,0,0,0,0,0,0,0,0,-1,-1,-1
346,Valorant Finance,BSC,0x7d0a7c00f9bb62aaf2c811c56716ab96ad216546,Yes,https://de.fi/rekt-database/Valorant Finance,0,0,1,0,0,0,0,0,0,0,-1,-1,-1
347,Euro Token,Polygon,0x4d0b6356605e6fa95c025a6f6092eccf0cf4317b,Yes,https://de.fi/rekt-database/Euro Token,0,1,0,0,0,0,0,0,0,0,-1,-1,-1
348,PolyGoose Token,Polygon,0xb81ea7581aa24c4ca0e8fc99918da7ae60139a87,Yes,https://de.fi/rekt-database/PolyGoose Token,0,1,1,0,0,0,0,0,0,1,-1,-1,-1
349,Cheetah Token,Polygon,0xc0af9cc9826e541489d02c0d2fa6eca0fe517e20,Yes,https://de.fi/rekt-database/Cheetah Token,0,1,0,1,0,0,0,0,0,0,-1,-1,-1
350,Red Eagle Token,BSC,0x94ee788d976c680ca22e8782e4584ac60005d033,Yes,https://de.fi/rekt-database/Red Eagle Token,0,1,0,0,0,0,0,0,0,0,-1,-1,-1
351,HarvestLock,BSC,0xaa7be9e55ca3a1b48dcbe4712e75a95a7d8aac9f,Yes,https://de.fi/rekt-database/HarvestLock,0,1,0,0,0,0,0,0,0,0,-1,-1,-1
352,Sigma,Polygon,0x9ae2a45c924af622b5155859920fedb469e7faf9,Yes,https://de.fi/rekt-database/Sigma,0,1,0,0,0,0,0,0,0,0,-1,-1,-1
353,Rapture,Polygon,0x9ad36aff5c08f5007e5f1c168f2b958db77ef7c4,Yes,https://de.fi/rekt-database/Rapture,0,1,0,0,0,0,0,0,0,0,-1,-1,-1
354,Stonks Token,BSC,0xb966150c7a0150ed4ea979e04f18d109301aab95,Yes,https://de.fi/rekt-database/Stonks Token,0,0,0,1,0,0,0,0,0,1,-1,-1,-1
355,Golden Bar Farm,BSC,0xdec72bbc3365646fe0267fc08cd05f79c4be0060,Yes,https://de.fi/rekt-database/Golden Bar Farm,0,1,0,0,0,0,0,0,0,0,-1,-1,-1
356,Fire Swap,BSC,0x359ef5f20c07b1f8e76c69399789fc7d4ffac912,Yes,https://de.fi/rekt-database/Fire Swap,0,0,0,1,0,0,0,0,0,1,-1,-1,-1
357,Polysafemoon,Polygon,0xfd99fc6c75bf49c8de18cc706c478b7349fe2777,Yes,https://de.fi/rekt-database/Polysafemoon,0,1,1,1,0,0,0,0,0,1,-1,-1,-1
358,Ailuropodinae,BSC,0xcfe7127212ff9b45c0bed4aed32aaf30e34e6aca,Yes,https://de.fi/rekt-database/Ailuropodinae,0,1,0,0,0,0,0,0,0,0,-1,-1,-1
359,Predator Swap,BSC,0x3583c4b76b02e953f0d07bff6603c5f09f439443,Yes,https://de.fi/rekt-database/Predator Swap,0,1,0,0,0,0,0,0,0,0,-1,-1,-1
360,DonutDeFi,BSC,0x9c994bd7df0fbda6f3fe3178783face2b18e4dbe,Yes,https://de.fi/rekt-database/DonutDeFi,0,1,0,1,0,0,0,0,0,0,-1,-1,-1
361,NoMoreDogs,BSC,0x65ff69c76f8be20ea4dede0455e89ec456694483,Yes,https://de.fi/rekt-database/NoMoreDogs,0,1,0,0,0,0,0,0,0,0,-1,-1,-1
362,PolyMinecraft,Polygon,0x4b10b781d7a60c3308359c1f95f12b4d1913892f,Yes,https://de.fi/rekt-database/PolyMinecraft,0,1,0,0,0,0,0,0,0,0,-1,-1,-1
363,Hammy Finance,BSC,0x07e903a1acb9f1d186f284fd4e769c6426791443,Yes,https://de.fi/rekt-database/Hammy Finance,0,0,0,1,0,0,0,0,0,0,-1,-1,-1
364,Secura Finance,BSC,0xdca9c8810d8a7bdce68c0aec7d803584a842d3a3,Yes,https://de.fi/rekt-database/Secura Finance,0,1,0,0,0,0,0,0,0,0,-1,-1,-1
365,PuffinSwap,BSC,0x387ab2f298937ace3ee44c01f543107768991c0d,Yes,https://de.fi/rekt-database/PuffinSwap,0,1,0,1,0,0,0,0,0,0,-1,-1,-1
366,Gameboy Finance,Polygon,0x2d18050ad9d8bb3e760f60d534e13a4c1681385a,Yes,https://de.fi/rekt-database/Gameboy Finance,0,1,0,0,0,0,0,0,0,0,-1,-1,-1
367,Cupcake Defi,BSC,0x77df72b1d05bf8f523a59191281619005500f74b,Yes,https://de.fi/rekt-database/Cupcake Defi,0,1,0,1,0,0,0,0,0,0,-1,-1,-1
368,Farm Ninja,Polygon,0x96e53d16888e537695d718171d8ebcadc456bbca,Yes,https://de.fi/rekt-database/Farm Ninja,0,1,0,0,0,0,0,0,0,0,-1,-1,-1
369,Mew Two,BSC,0x8319ce36f8cbb1e1dc9e8ea42c166b22ce0c5f99,Yes,https://de.fi/rekt-database/Mew Two,0,1,0,0,0,0,0,0,0,0,-1,-1,-1
370,Mew,BSC,0xf10e339d581a42a1e456d600b7eec4a88d277234,Yes,https://de.fi/rekt-database/Mew,0,1,0,0,0,0,0,0,0,0,-1,-1,-1
371,MewMegaX Token,BSC,0x0b667aee8afe91d30e21e44b11fb737426bc3d9a,Yes,https://de.fi/rekt-database/MewMegaX Token,0,1,0,0,0,0,0,0,0,0,-1,-1,-1
372,NutPie,BSC,0xe4a927f41c4708ff4087e12e4acc4301972356af,Yes,https://de.fi/rekt-database/NutPie,0,1,0,0,0,0,0,0,0,0,-1,-1,-1
373,Flamingo Lagoon,Polygon,0x8f30c8cc5c254b2922e50be564beb88a21c4d9d1,Yes,https://de.fi/rekt-database/Flamingo Lagoon,0,1,0,0,0,0,0,0,0,0,-1,-1,-1
374,DonaldSwap,BSC,0x3d275cb965868c23bb7fa0fd5170239cd31b01cb,Yes,https://de.fi/rekt-database/DonaldSwap,0,1,0,0,0,0,0,0,0,0,-1,-1,-1
375,koroswap finance,BSC,0x8c38fb7ab9a344805ecff0294458377fed112e57,Yes,https://de.fi/rekt-database/koroswap finance,0,1,0,0,0,0,0,0,0,0,-1,-1,-1
376,LayerFarm,Polygon,0x3a58aa4a8899fd437e87d21b87832e1b743e891c,Yes,https://de.fi/rekt-database/LayerFarm,0,1,0,0,0,0,0,0,0,0,-1,-1,-1
377,Hamster Farm,Polygon,0x68f33bc57aae271c5d6b75bd95172743bd4d35eb,Yes,https://de.fi/rekt-database/Hamster Farm,0,1,0,0,0,0,0,0,0,0,-1,-1,-1
378,PolyHorse Finance,Polygon,0x7c5894dc72bca37bb6eed8a9c78adc4ddae482d7,Yes,https://de.fi/rekt-database/PolyHorse Finance,0,1,0,0,0,0,0,0,0,0,-1,-1,-1
379,Hawk Finance,Polygon,0x815f7f190a472618be2c3dbc54523bdb03faa187,Yes,https://de.fi/rekt-database/Hawk Finance,0,1,0,0,0,0,0,0,0,0,-1,-1,-1
380,PolySphere,Polygon,0xb7869e379aaa7c7d30b67ba01ced5da2bb7be14d,Yes,https://de.fi/rekt-database/PolySphere,0,1,0,0,0,0,0,0,0,0,-1,-1,-1
381,Starfall Finance,BSC,0x8e6898d3854e0a2cd3790173be9091b30339d717,Yes,https://de.fi/rekt-database/Starfall Finance,0,1,0,0,0,0,0,0,0,0,-1,-1,-1
382,XAN Swap,Polygon,0x6710f8085f2eaf9fea2db0008cdc1e1fe7699e5b,Yes,https://de.fi/rekt-database/XAN Swap,0,1,0,0,0,0,0,0,0,0,-1,-1,-1
383,PitbullSwap,BSC,0x489e1d5538702f72f0f0a5f764eab50ba8f93cce,Yes,https://de.fi/rekt-database/PitbullSwap,0,1,0,0,0,0,0,0,0,0,-1,-1,-1
384,LanternSwap,Polygon,0xfb38cf1a9bb63a4936a0a11e4e8b6d076f6110b0,Yes,https://de.fi/rekt-database/LanternSwap,0,1,0,0,0,0,0,0,0,0,-1,-1,-1
385,RooSwap,BSC,0x318a611c512cdbd65a7a98d93ef82125420ee652,Yes,https://de.fi/rekt-database/RooSwap,0,1,0,0,0,0,0,0,0,0,-1,-1,-1
386,Sashimi swap,Polygon,0x5ee8446b060755256002ab40cd24482e12d8a96f,Yes,https://de.fi/rekt-database/Sashimi swap,0,1,0,0,0,0,0,0,0,0,-1,-1,-1
387,Beets Farm,Polygon,0x569610567f5262b6a9bfdf6b04793a407d8e97c7,Yes,https://de.fi/rekt-database/Beets Farm,0,1,0,0,0,0,0,0,0,0,-1,-1,-1
388,2Pac Finance,Polygon,0x3b74e4eebdf79d85fe16fd5437d9136fe5232be9,Yes,https://de.fi/rekt-database/2Pac Finance,0,1,0,0,0,0,0,0,0,0,-1,-1,-1
389,PolyOrca,Polygon,0xdd3f44d093f581370557c2a433529a4a6649c556,Yes,https://de.fi/rekt-database/PolyOrca,0,1,0,0,0,0,0,0,0,0,-1,-1,-1
390,Blazar Finance,Polygon,0xdf4fe3c10049ee6017ba4a6f6363479187986748,Yes,https://de.fi/rekt-database/Blazar Finance,0,1,0,0,0,0,0,0,0,0,-1,-1,-1
391,Popit Finance,BSC,0xa356097644cb4e0bcf939ace69a719849521cd8b,Yes,https://de.fi/rekt-database/Popit Finance,0,1,0,0,0,0,0,0,0,0,-1,-1,-1
392,Area51 DeFi,BSC,0x84900a5c08ae0201940d76c72ea56f836bd8d8f4,Yes,https://de.fi/rekt-database/Area51 DeFi,0,1,0,1,0,0,0,0,0,0,-1,-1,-1
393,Duck Finance,Polygon,0xf2aa50d892bf476aca7b14c8bf590a8ce65b3282,Yes,https://de.fi/rekt-database/Duck Finance,0,1,0,0,0,0,0,0,0,0,-1,-1,-1
394,CookieSwap Layer 2,BSC,0x75bd46ff3e3f0bfa1e3400156f91461909a555c6,Yes,https://de.fi/rekt-database/CookieSwap Layer 2,0,1,1,0,0,0,0,0,0,0,-1,-1,-1
395,PoliEx Swap,BSC,0xc6cc722b0fcf11ff55b4c329b76d5124b24e18fb,Yes,https://de.fi/rekt-database/PoliEx Swap,0,1,0,0,0,0,0,0,0,0,-1,-1,-1
396,KoalaDefi,Polygon,0x67749e090fc7258982fc00d27a2ad708d6f97f44,Yes,https://de.fi/rekt-database/KoalaDefi,0,1,0,0,0,0,0,0,0,0,-1,-1,-1
397,Bengal Swap,BSC,0x740676fef9f13d499ef890028b065d6282e472e3,Yes,https://de.fi/rekt-database/Bengal Swap,0,1,0,0,0,0,0,0,0,0,-1,-1,-1
398,Cardboard Finance,BSC,0x731812990c96e96060d782a9f1fd1f68650ef1eb,Yes,https://de.fi/rekt-database/Cardboard Finance,0,1,0,1,0,0,0,0,0,0,-1,-1,-1
399,TamagochiSwap,Polygon,0x4912b5fee159a2073df3566be41610ed0969e7df,Yes,https://de.fi/rekt-database/TamagochiSwap,0,1,0,0,0,0,0,0,0,0,-1,-1,-1
400,HermitSwap,BSC,0xb63bf77619133edc879e75326c867dc6926b7d2a,Yes,https://de.fi/rekt-database/HermitSwap,0,1,0,0,0,0,0,0,0,0,-1,-1,-1
401,Carousel Finance,Polygon,0xfa00505ac5ef3b2bb37e421d9146c167d4c3c741,Yes,https://de.fi/rekt-database/Carousel Finance,0,1,0,0,0,0,0,0,0,0,-1,-1,-1
402,BBQ Swap,BSC,0x7801542a76b116b2d358ada1f5b094bc052f1cb4,Yes,https://de.fi/rekt-database/BBQ Swap,0,1,0,0,0,0,0,0,0,0,-1,-1,-1
403,CatgeSwap,BSC,0xf9ef4932c713c30345fcc6467a0d855ec8090e0a,Yes,https://de.fi/rekt-database/CatgeSwap,0,1,0,0,0,0,0,0,0,1,-1,-1,-1
404,CarolinaReaper Finance,BSC,0xdf4a607e1f402f4ecd29c45d1347ddfa003b76ac,Yes,https://de.fi/rekt-database/CarolinaReaper Finance,0,1,0,0,0,0,0,0,0,0,-1,-1,-1
405,PolyYield,Polygon,0x9eaacd7d41fdde61314eeeb61326c06402b9bfe3,Yes,https://de.fi/rekt-database/PolyYield,0,1,0,0,0,0,0,0,0,0,-1,-1,-1
406,Royalflush Farm,Polygon,0xac8071a2d6b2347751db4b380deb798af95860bc,Yes,https://de.fi/rekt-database/Royalflush Farm,0,1,0,0,0,0,0,0,0,0,-1,-1,-1
407,Lamp Finance,BSC,0x205c23bd79d134f0f76f0b8b58d618c4b9449e84,Yes,https://de.fi/rekt-database/Lamp Finance,0,1,0,0,0,0,0,0,0,0,-1,-1,-1
408,The Apollo Project,BSC,0x7706ea9d7c59316436660efebb06a428d0c8954d,Yes,https://de.fi/rekt-database/The Apollo Project,0,1,0,0,0,0,0,0,0,0,-1,-1,-1
409,NekoCat,BSC,0x77f7518e4da5240eccc7e5a673e5ff3759ead795,Yes,https://de.fi/rekt-database/NekoCat,0,1,0,0,0,0,0,0,0,0,-1,-1,-1
410,BreadSwap,BSC,0xb3aec2a1737a94b8458a1b6940412fb9cc41f2b9,Yes,https://de.fi/rekt-database/BreadSwap,0,1,0,1,0,0,0,0,0,0,-1,-1,-1
411,Frog Farm,BSC,0xceb54b80ac921d0de3133d0047b8f75dd1742a9a,Yes,https://de.fi/rekt-database/Frog Farm,0,1,0,0,0,0,0,0,0,0,-1,-1,-1
412,Hotdog Cart Finance,BSC,0xf573f6cfa6ba5100776a334c24c644b2785794f0,Yes,https://de.fi/rekt-database/Hotdog Cart Finance,0,1,0,0,0,0,0,0,0,0,-1,-1,-1
413,Hippolygon,Polygon,0xa6226c90b58c64611fcc8551228b20557e34f1a9,Yes,https://de.fi/rekt-database/Hippolygon,0,1,0,0,0,0,0,0,0,0,-1,-1,-1
414,OVNI Finance,BSC,0x9e3571fbf2c4199c7e4e4167fa897891c56576e0,Yes,https://de.fi/rekt-database/OVNI Finance,0,1,0,1,0,0,0,0,0,0,-1,-1,-1
415,LavaSwap,BSC,0xc8e763d7d1fb08e1249a046bbc9e1ca45ff7b9f2,Yes,https://de.fi/rekt-database/LavaSwap,0,1,1,1,0,0,0,0,0,0,-1,-1,-1
416,RabbitSwap Finance,BSC,0xedaf4a8e3ca36035094223b37ca9da7f7dde6b1b,Yes,https://de.fi/rekt-database/RabbitSwap Finance,0,1,1,1,0,0,0,0,0,0,-1,-1,-1
417,Jester DeFi,BSC,0x9b7cf9ec7c92a57858a517824eb57775105dbb9e,Yes,https://de.fi/rekt-database/Jester DeFi,0,1,1,1,0,0,0,0,0,0,-1,-1,-1
418,Panda Matic,Polygon,0xdff5ae6213b65ad7355c72d19c3c1a3d8c2c78fd,Yes,https://de.fi/rekt-database/Panda Matic,0,1,0,0,0,0,0,0,0,0,-1,-1,-1
419,Helios.Cash,Polygon,0x702638277cf7464fd815d73322bc6b4d7c6cf3b1,No,https://de.fi/rekt-database/Helios.Cash,0,1,0,0,0,0,0,0,0,0,-1,-1,-1
420,Astro Bunny Finance,Polygon,0xd8204b91e4504b132557a055317294b39d96275a,Yes,https://de.fi/rekt-database/Astro Bunny Finance,0,1,0,0,0,0,0,0,0,0,-1,-1,-1
421,Polywater,Polygon,0x8d2fad82aa2962c6a4cd4d172ac74e0f2b64ec8d,Yes,https://de.fi/rekt-database/Polywater,0,1,0,0,0,0,0,0,0,0,-1,-1,-1
422,BEESwap,BSC,0xc5a10bfadc3c4efb317f4cf01a4af9fc83db755f,Yes,https://de.fi/rekt-database/BEESwap,0,1,1,0,0,0,0,0,0,0,-1,-1,-1
423,Night Wolf,BSC,0xc07afe7d2e7689ada0d0de668b6fc3c981967bde,Yes,https://de.fi/rekt-database/Night Wolf,0,1,0,1,0,0,0,0,0,0,-1,-1,-1
424,PolyGarden,Polygon,0x0fabd04f68ff13a72eb1542201a211ee70feba5f,Yes,https://de.fi/rekt-database/PolyGarden,0,1,0,0,0,0,0,0,0,0,-1,-1,-1
425,PolyGorilla,Polygon,0xf0168d40aafaa078deb86b321941ce35ae5661e9,Yes,https://de.fi/rekt-database/PolyGorilla,0,1,0,0,0,0,0,0,0,0,-1,-1,-1
426,PolyCloud,Polygon,0x90d7219bfe2dedca9ef5bdf599141f2c6eb36248,Yes,https://de.fi/rekt-database/PolyCloud,0,1,0,0,0,0,0,0,0,0,-1,-1,-1
427,Haikyu,BSC,0x3c37a717bc49469a9f3adf562dedbdcf3a94a6de,Yes,https://de.fi/rekt-database/Haikyu,0,1,0,0,0,0,0,0,0,0,-1,-1,-1
428,Zombies Farm,BSC,0x2a1c844d7479ba8f9536abc5db680a7c021bcd99,Yes,https://de.fi/rekt-database/Zombies Farm,0,1,0,0,0,0,0,0,0,0,-1,-1,-1
429,RavenSwap,BSC,0xfb5833f486679f3e3df0c93c33e6d21fc312913a,Yes,https://de.fi/rekt-database/RavenSwap,0,1,0,1,0,0,0,0,0,0,-1,-1,-1
430,Astro Yield,BSC,0xcfc86a2cf04c3e7c6789540dc796b9c238293945,Yes,https://de.fi/rekt-database/Astro Yield,0,1,0,0,0,0,0,0,0,0,-1,-1,-1
431,KingDefi.finance,BSC,0x8933864eb758c3f6e02f099e578055d7b1ae85bd,No,https://de.fi/rekt-database/KingDefi.finance,1,0,0,0,0,0,0,0,0,0,-1,-1,-1
432,Polyvee Finance,Polygon,0x55642e8df0153010df8415f0d2e6e4679a1d5d88,Yes,https://de.fi/rekt-database/Polyvee Finance,0,1,0,1,0,0,0,0,0,0,-1,-1,-1
433,PolyGold,Polygon,0xe0e400617a20adee7b2034324c3fa4c37bce97e8,Yes,https://de.fi/rekt-database/PolyGold,0,1,0,0,0,0,0,0,0,0,-1,-1,-1
434,Dooog Finance,BSC,0x1053fa642c14a9a0f67910fa31819acb48859627,Yes,https://de.fi/rekt-database/Dooog Finance,0,1,0,1,0,0,0,0,0,0,-1,-1,-1
435,PolyWeed,Polygon,0x703418a72fc982ec157b6388e6e9f2c9e09d96d3,Yes,https://de.fi/rekt-database/PolyWeed,0,1,0,0,0,0,0,0,0,0,-1,-1,-1
436,Aura Finance,Fantom,0x77f4977e71b7a9f9d47d895c838136e7cc670c82,Yes,https://de.fi/rekt-database/Aura Finance,0,1,0,0,0,0,0,0,0,0,-1,-1,-1
437,Dino Finance,Polygon,0xa12005eda0eb0f83462d39a8452b3b976f926a76,Yes,https://de.fi/rekt-database/Dino Finance,0,1,0,0,0,0,0,0,0,0,-1,-1,-1
438,PUGDOG INU,BSC,0x26ebcc14842dcc8ab75c09284707e2bbcaddfe5c,Yes,https://de.fi/rekt-database/PUGDOG INU,0,1,0,0,0,0,0,0,0,0,-1,-1,-1
439,Shadowswap Finance,Fantom,0x750363605a07e198bf8ce242e7c522ba6997a29c,Yes,https://de.fi/rekt-database/Shadowswap Finance,0,1,0,0,0,0,0,0,0,0,-1,-1,-1
440,Glockswap,Polygon,0x5512d41616c839042459babb3f969b2c90323633,Yes,https://de.fi/rekt-database/Glockswap,0,1,0,0,0,0,0,0,0,0,-1,-1,-1
441,Evilswap,BSC,0xb44d111a55fa1737b8ac7dd8f10b8abb4541d053,Yes,https://de.fi/rekt-database/Evilswap,0,1,0,1,0,0,0,0,0,0,-1,-1,-1
442,DinoSwap.farm,BSC,0x0725518b659c3640969fc45d891cb845041ed5df,No,https://de.fi/rekt-database/DinoSwap.farm,0,1,0,0,0,0,0,0,0,0,-1,-1,-1
443,Alienswap,BSC,0x4270ca010388f4d119593a9a609669eb2e0fee1a,Yes,https://de.fi/rekt-database/Alienswap,0,1,0,1,0,0,0,0,0,0,-1,-1,-1
444,Oilrig Finance,BSC,0x2da04e42d171a720382917cb35966ed45c7039da,Yes,https://de.fi/rekt-database/Oilrig Finance,0,1,0,0,0,0,0,0,0,0,-1,-1,-1
445,Basset Farm,BSC,0xd66f33f7a51baca6d3d41fe316baadd8622c8131,Yes,https://de.fi/rekt-database/Basset Farm,0,1,0,0,0,0,0,0,0,0,-1,-1,-1
446,Chopper Finance,BSC,0x2c082a245d472d9b4f396d11937ffacd5570a486,Yes,https://de.fi/rekt-database/Chopper Finance,0,1,1,0,0,0,0,0,0,0,-1,-1,-1
447,Pumpkin Swap,BSC,0x6067042494860178dacb0ab200d5a92f409a2256,Yes,https://de.fi/rekt-database/Pumpkin Swap,0,1,1,0,0,0,0,0,0,0,-1,-1,-1
448,PolyWhat,Polygon,0xbb1477d0cf1430b15ed7bf056a7e9de87441fdaf,Yes,https://de.fi/rekt-database/PolyWhat,0,1,0,0,0,0,0,0,0,0,-1,-1,-1
449,Geckoswap,BSC,0x1697198726858f52dd5b1380421f27d567797850,Yes,https://de.fi/rekt-database/Geckoswap,0,1,0,0,0,0,0,0,0,0,-1,-1,-1
450,Deerdefi,BSC,0x6e6fb3a10f73827ceea365543d985493709abc4b,Yes,https://de.fi/rekt-database/Deerdefi,0,1,0,0,0,0,0,0,0,0,-1,-1,-1
451,SAFU Finance,BSC,0xa1632f4dae2919634670264aa6e6b7b61b52908c,Yes,https://de.fi/rekt-database/SAFU Finance,0,1,0,0,0,0,0,0,0,0,-1,-1,-1
452,DunkSwap Token,BSC,0x8c2d08ae44e25caad9de36aa726fbc5671e2b081,Yes,https://de.fi/rekt-database/DunkSwap Token,0,1,0,0,0,0,0,0,0,0,-1,-1,-1
453,SunnyDefi finance,BSC,0x9905c2383008c1c2e5c0650d23ff6f940fa32a28,Yes,https://de.fi/rekt-database/SunnyDefi finance,0,1,0,0,0,0,0,0,0,0,-1,-1,-1
454,NoaSwap,BSC,0xa8a9a6b2a7c4b1ff1e3d2e35cf745d6f6d062e99,Yes,https://de.fi/rekt-database/NoaSwap,0,1,0,0,0,0,0,0,0,0,-1,-1,-1
455,Aladdin,BSC,0x141ccd27bbca7524dc6b7eea1eb41e097d7e832d,Yes,https://de.fi/rekt-database/Aladdin,0,1,0,0,0,0,0,0,0,0,-1,-1,-1
456,Ozone Finance Token,BSC,0x23e794d2fa4983c635efd0c02b6ecb8e99ce6879,Yes,https://de.fi/rekt-database/Ozone Finance Token,0,1,0,0,0,0,0,0,0,0,-1,-1,-1
457,Original.finance,BSC,0x1bfc7d1748843f490f8fcecaa44d608881535cc1,No,https://de.fi/rekt-database/Original.finance,0,1,0,1,0,0,0,0,0,0,-1,-1,-1
458,Snakedefi,BSC,0xf882413338a88f3d41f0df4c31d8ca5d33e3e3d1,Yes,https://de.fi/rekt-database/Snakedefi,0,1,0,0,0,0,0,0,0,0,-1,-1,-1
459,BACON,ETH,0x175ab41e2cedf3919b2e4426c19851223cf51046,Yes,https://de.fi/rekt-database/BACON,0,1,0,0,0,0,0,0,0,0,-1,-1,-1
460,MYSTERYToken,BSC,0x7c89b9ee3adea9ffb0a25a9f45e2e962b47cb931,Yes,https://de.fi/rekt-database/MYSTERYToken,0,1,0,0,0,0,0,0,0,0,-1,-1,-1
461,crocofi.org(CROCO),BSC,0x152ce3dddfabc381ad14c3d1fde07a93eb03f169,No,https://de.fi/rekt-database/crocofi.org(CROCO),1,0,1,0,0,0,0,0,0,0,-1,-1,-1
462,Mortal Kombat,BSC,0x26a1c3449a43c13f72452247996f904707d5e91d,Yes,https://de.fi/rekt-database/Mortal Kombat,1,0,0,0,0,0,0,0,0,0,-1,-1,-1
463,Dragonfly,BSC,0xad2fc798c6ff076545bc023fbd0fa43633ad4df9,Yes,https://de.fi/rekt-database/Dragonfly,0,0,0,0,0,0,0,0,0,1,-1,-1,-1
464,Uranium U92,BSC,0xf3ca45633b2b2c062282ab38de74ead2b76e8800,Yes,https://de.fi/rekt-database/Uranium U92,0,1,0,0,0,0,0,0,0,0,-1,-1,-1
465,Raccoon Swap,BSC,0xa24c6991ae8bfe3ddb9e00a078455819e85637ff,Yes,https://de.fi/rekt-database/Raccoon Swap,0,1,0,0,0,0,0,0,0,0,-1,-1,-1
466,WindSwap,BSC,0xafad6387e0b83d73eb758a05f4d2e70dd54e2228,Yes,https://de.fi/rekt-database/WindSwap,1,1,0,0,0,0,0,0,0,0,-1,-1,-1
467,Axe Token,BSC,0x64a27e640f1c2283c803fc10e3181459e2975695,Yes,https://de.fi/rekt-database/Axe Token,0,1,0,0,0,0,0,0,0,0,-1,-1,-1
468,DogX Token,BSC,0xa465814a44747fa366bce8d65666b0f39123a99b,Yes,https://de.fi/rekt-database/DogX Token,0,1,0,0,0,0,0,0,0,0,-1,-1,-1
469,SeaShell.Financ,BSC,0x2210412eb1a95b391b0cd4b475c508a1088c8a55,Yes,https://de.fi/rekt-database/SeaShell.Financ,0,1,0,0,0,0,0,0,0,0,-1,-1,-1
470,Polyfox.finance,Polygon,0x159aad97c625c7eac5ddddbc088c639490b9c55a,Yes,https://de.fi/rekt-database/Polyfox.finance,0,1,0,0,0,0,0,0,0,0,-1,-1,-1
471,Zenko,Polygon,0x84e9885be04e14ce7c66a3b270c3e804bf91732e,Yes,https://de.fi/rekt-database/Zenko,0,1,0,0,0,0,0,0,0,0,-1,-1,-1
472,Pumaswap Token,BSC,0xee61921ca013dd3fdc09965e239a9f0035453109,Yes,https://de.fi/rekt-database/Pumaswap Token,0,1,0,0,0,0,0,0,0,0,-1,-1,-1
473,Missile,BSC,0xffad3dcefa6ac11d2aca3a8bda27e0650b3c1c3e,Yes,https://de.fi/rekt-database/Missile,0,1,0,0,0,0,0,0,0,0,-1,-1,-1
474,Mummy Token,BSC,0xb1f5b0e504c46c1c0d115e4e1ee4c6bdf63f252e,Yes,https://de.fi/rekt-database/Mummy Token,0,1,0,0,0,0,0,0,0,0,-1,-1,-1
475,Kingdomswap,BSC,0xfdf9cae8b8b496e7e6145de80821e58fa12747bd,Yes,https://de.fi/rekt-database/Kingdomswap,0,1,0,0,0,0,0,0,0,0,-1,-1,-1
476,Pablo Escobar,BSC,0x558d9e1bd77b22c9ba31222a68f173f55cf55813,Yes,https://de.fi/rekt-database/Pablo Escobar,0,1,0,0,0,0,0,0,0,0,-1,-1,-1
477,BoobsDefi,BSC,0x01fd5ccc564bb79b168f152fb8f1aac76124a018,Yes,https://de.fi/rekt-database/BoobsDefi,0,1,0,0,0,0,0,0,0,0,-1,-1,-1
478,Meowswap Token,BSC,0x36eea950eb74ca6639f64fb4b16f0adb6844ec72,Yes,https://de.fi/rekt-database/Meowswap Token,0,1,0,0,0,0,0,0,0,0,-1,-1,-1
479,SaturnSwap Token,BSC,0x9ce5ffa03e263505547042d2febc11531eb7aa71,Yes,https://de.fi/rekt-database/SaturnSwap Token,0,1,0,0,0,0,0,0,0,0,-1,-1,-1
480,Tripland,BSC,0x24b9822aacc8986b2d8f5d4df7fc900a4c108295,Yes,https://de.fi/rekt-database/Tripland,0,1,0,0,0,0,0,0,0,0,-1,-1,-1
481,Demeter Chain,ETH,0xea04c94ed49327cb52b142eb3aa1c2a656e9a5bc,Yes,https://de.fi/rekt-database/Demeter Chain,0,1,0,0,0,1,0,0,0,0,-1,-1,-1
482,SageSwap Token,BSC,0x9e0bc04dad42429523fd375b9a0a2384d1738fa0,Yes,https://de.fi/rekt-database/SageSwap Token,0,1,0,0,0,0,0,0,0,0,-1,-1,-1
483,Rick.finance,BSC,0x95fc8747eb0246eeb59d9c5df76ec806d77f7b2d,No,https://de.fi/rekt-database/Rick.finance,0,1,0,0,0,0,0,0,0,0,-1,-1,-1
484,Delicacydefi,BSC,0xfb19cef55cfbb082489a4a79a484353198fec099,Yes,https://de.fi/rekt-database/Delicacydefi,0,1,0,0,0,0,0,0,0,0,-1,-1,-1
485,Pirate Farm,BSC,0xe5e28532614ec9fc81b1b83404fabb09e6b2b591,Yes,https://de.fi/rekt-database/Pirate Farm,0,1,0,1,0,0,0,0,0,0,-1,-1,-1
486,Red Rose Finance,BSC,0x5e46aa897f7545628fde5aeba7a202547572eb9e,Yes,https://de.fi/rekt-database/Red Rose Finance,0,1,0,1,0,0,0,0,0,0,-1,-1,-1
487,YFARM,ETH,0xf5d0fefaab749d8b14c27f0de60cc6e9e7f848d1,Yes,https://de.fi/rekt-database/YFARM,0,1,0,0,0,0,0,0,0,0,-1,-1,-1
488,0xNinja,Polygon,0x2d4effc84fabb4aba0bc16582cd9931498af10e4,Yes,https://de.fi/rekt-database/0xNinja,0,1,0,0,0,0,0,0,0,0,-1,-1,-1
489,Happy Frog Finance,BSC,0x48445110edc612cd2520f3f48f877817800e792a,Yes,https://de.fi/rekt-database/Happy Frog Finance,0,1,0,1,0,0,0,0,0,0,-1,-1,-1
490,Rimau Finance,BSC,0x1ef43a30b70628d0bfe676d036d3b7147b250b51,Yes,https://de.fi/rekt-database/Rimau Finance,0,1,0,0,0,0,0,0,0,0,-1,-1,-1
491,PolyMind,Polygon,0x9096236747706f7bffab31578615534ad62ef5c5,Yes,https://de.fi/rekt-database/PolyMind,0,1,0,0,0,0,0,0,0,0,-1,-1,-1
492,VIVAToken,BSC,0xd9d4467f115effaa0dd3af9749768ebb5d9f06e1,Yes,https://de.fi/rekt-database/VIVAToken,0,1,0,0,0,0,0,0,0,0,-1,-1,-1
493,Elongate Deluxe,ETH,0x348b7f3106b5da47405332534d06069ff9ce4d1b,Yes,https://de.fi/rekt-database/Elongate Deluxe,0,0,0,1,0,0,0,0,0,1,-1,-1,-1
494,Photon-Swap,BSC,0x099c7ff2783cd9bef5942352084a9d4d5669285d,Yes,https://de.fi/rekt-database/Photon-Swap,0,1,0,0,0,0,0,0,0,0,-1,-1,-1
495,Planetswap Uranus,Polygon,0xefbb2129a700eb79ad7babe2eab477bcfc95dc38,Yes,https://de.fi/rekt-database/Planetswap Uranus,0,1,0,0,0,0,0,0,0,0,-1,-1,-1
496,Corgi Finance,Polygon,0x002e53436696821ec06b177ebc24d1765aec08ec,Yes,https://de.fi/rekt-database/Corgi Finance,0,1,0,0,0,0,0,0,0,0,-1,-1,-1
497,StableMagnet,BSC,0xcd734b1f9b0b976ddc46e507d0aa51a4216a1e98,Yes,https://de.fi/rekt-database/StableMagnet,1,1,0,0,0,0,0,0,0,0,-1,-1,-1
498,PolyButterfly,Polygon,0x485a1703506acbca235d87266322f66694cbc781,Yes,https://de.fi/rekt-database/PolyButterfly,0,1,0,0,0,0,0,0,0,0,-1,-1,-1
499,Delicacy DeFi,BSC,0x66b32cee882d82a897a1f6102a18da5af6f01f6f,Yes,https://de.fi/rekt-database/Delicacy DeFi,0,1,0,0,0,0,0,0,0,0,-1,-1,-1
500,DEFI100,BSC,0x9d8aac497a4b8fe697dd63101d793f0c6a6eebb6,Yes,https://de.fi/rekt-database/DEFI100,0,0,1,1,0,0,0,0,0,0,-1,-1,-1
501,Fairmoon,BSC,0xca578afee65fd2268d383f8fc4a9fc6ae1d2def0,Yes,https://de.fi/rekt-database/Fairmoon,0,0,1,1,0,0,0,0,0,0,-1,-1,-1
502,Static,ETH,0xf006e192878146ecc5f1fdee02af19713076f862,Yes,https://de.fi/rekt-database/Static,0,0,0,1,0,0,0,0,0,1,-1,-1,-1
503,NeedForSpeed Finance,ETH,0x77b97372d1feb50f79a9212fed50e3daf0eb44db,Yes,https://de.fi/rekt-database/NeedForSpeed Finance,0,0,0,1,0,0,0,0,0,0,-1,-1,-1
504,YZY DAO,ETH,0x6ca2cc52bb2cb67dd952e73b8786eb3a368b484c,Yes,https://de.fi/rekt-database/YZY DAO,0,0,0,1,0,0,0,0,0,0,-1,-1,-1
505,Horizon Finance,BSC,0xa0a81b5a8caedddb0e6c81d3e07aaa4ea5314452,Yes,https://de.fi/rekt-database/Horizon Finance,1,0,1,1,0,0,0,0,0,0,-1,-1,-1
506,Turtledex,BSC,0xff8888d4f46ed54bbbabf554d81b65ef3596b12c,Yes,https://de.fi/rekt-database/Turtledex,0,1,0,1,0,0,0,0,0,0,-1,-1,-1
507,Dragonswap,BSC,0x105b81a13ecbb92773a7b9854d125cb7478b8340,Yes,https://de.fi/rekt-database/Dragonswap,0,1,0,0,0,0,0,0,0,0,-1,-1,-1
508,LaserSwap Cash,BSC,0xed741db80ba7c18454e674b8230364511782f5fa,Yes,https://de.fi/rekt-database/LaserSwap Cash,1,0,0,0,0,0,0,0,0,0,-1,-1,-1
509,True Seigniorage Dollar,ETH,0x4846239fdf4d4c1aeb26729fa064b0205aca90e1,Yes,https://de.fi/rekt-database/True Seigniorage Dollar,0,1,0,0,0,0,0,0,0,0,-1,-1,-1
510,Contribute Protocol,ETH,0xf776e108e50560075f69b6754cae708975e74a2c,Yes,https://de.fi/rekt-database/Contribute Protocol,0,0,0,1,0,0,0,0,0,1,-1,-1,-1
511,DiceSwap,BSC,0x730e05bfbf01bb578887e1f87df2b58fd908a6bf,Yes,https://de.fi/rekt-database/DiceSwap,0,1,0,0,0,0,0,0,0,0,-1,-1,-1
512,KoiSwap,BSC,0x5ca6b72fa6ff2d27b941c0956f0808d9bba2eff9,Yes,https://de.fi/rekt-database/KoiSwap,0,1,0,0,0,0,0,0,0,0,-1,-1,-1
513,MoltenSwap,BSC,0x35bc82c530e3b80dc038afe2b721723f99047a8d,Yes,https://de.fi/rekt-database/MoltenSwap,0,1,0,0,0,0,0,0,0,0,-1,-1,-1
514,Meerkat Finance,BSC,0xc65f62d372aa50e99b2a564ddb418a6bc84faa15,Yes,https://de.fi/rekt-database/Meerkat Finance,0,1,0,0,0,0,0,0,0,0,-1,-1,-1
515,Mars Farm,BSC,0xa9ba5a49ae258788b5da7985926ad6c71beaf879,Yes,https://de.fi/rekt-database/Mars Farm,1,0,1,0,0,0,0,0,0,0,-1,-1,-1
516,Thunder Finance,BSC,0xd7526b3e1cb8c32900b51c4bd8cda85872407b20,Yes,https://de.fi/rekt-database/Thunder Finance,1,0,1,0,0,0,0,0,0,0,-1,-1,-1
517,HoneySwap.Fi,BSC,0x1b0cf55e3f9f82b9d24deaa4e6cd7239d41f4657,No,https://de.fi/rekt-database/HoneySwap.Fi,0,1,0,0,0,0,0,0,0,0,-1,-1,-1
518,Wallstreetswap Finance,BSC,0x2dc38868a9215a1347c6fd8480d4a127da4812eb,Yes,https://de.fi/rekt-database/Wallstreetswap Finance,0,1,0,0,0,0,0,0,0,0,-1,-1,-1
519,NoNAME,ETH,0x09ff2267eda5f1e99db5b0ddd85555a7b46c76bb,Yes,https://de.fi/rekt-database/NoNAME,0,1,0,0,0,0,0,0,0,0,-1,-1,-1
520,Sakura DeFi,ETH,0xf05731df070ad8e6058d07e620e2f50bfa78e4c2,Yes,https://de.fi/rekt-database/Sakura DeFi,0,1,0,0,0,0,0,0,0,0,-1,-1,-1
521,Astronaut NFT,BSC,0x1b732a0fa37795aa1833625ec8f66e3b2c2845ac,Yes,https://de.fi/rekt-database/Astronaut NFT,0,1,1,0,0,0,0,0,0,0,-1,-1,-1
522,Tranquility Defi,ETH,0x0bb033ed58bd5d19bc732249bcd8fceff53aedf6,Yes,https://de.fi/rekt-database/Tranquility Defi,0,0,0,1,0,0,0,0,0,0,-1,-1,-1
523,Orbit Swap,BSC,0xc993e816a84f7ff5f988ea660a043e877e297af6,Yes,https://de.fi/rekt-database/Orbit Swap,0,1,0,0,0,0,0,0,0,0,-1,-1,-1
524,Tin Finance,BSC,0xd248537d601f8e062dd36c8e7d26302d51cc653a,Yes,https://de.fi/rekt-database/Tin Finance,0,1,0,0,0,0,0,0,0,0,-1,-1,-1
525,PopcornSwap,BSC,0xa532c7fc2c912db822dbdc14a020c7f1b62b5141,Yes,https://de.fi/rekt-database/PopcornSwap,0,1,0,0,0,0,0,0,0,0,-1,-1,-1
526,Elastic Staking,ETH,0x88f639186aee2fc903da4fe5742df35b760225e8,Yes,https://de.fi/rekt-database/Elastic Staking,1,0,0,0,0,0,0,0,0,0,-1,-1,-1
527,Game Swap Exchange,ETH,0x681b24478e9f7e31ee3b5b7f807c9151e46aa165,Yes,https://de.fi/rekt-database/Game Swap Exchange,1,0,0,0,0,0,0,0,0,0,-1,-1,-1
528,WOLF Protocol,ETH,0x3ccf0306d214b6ad4e8315c5c31a2b7f32b649d8,Yes,https://de.fi/rekt-database/WOLF Protocol,1,0,0,0,0,0,0,0,0,0,-1,-1,-1
529,Nifity,ETH,0x44436dad31d1ad018312a3eb7586103ac638e1e7,Yes,https://de.fi/rekt-database/Nifity,0,1,0,0,0,0,0,0,0,0,-1,-1,-1
530,Rbase Finance,ETH,0xe8b251822d003a2b2466ee0e38391c2db2048739,Yes,https://de.fi/rekt-database/Rbase Finance,0,0,0,0,0,0,0,1,0,0,-1,-1,-1
531,Bio Farm,ETH,0xae8f1356ec073accdd4bf5914d37a44dfd954a0d,Yes,https://de.fi/rekt-database/Bio Farm,0,1,0,0,0,0,0,0,0,0,-1,-1,-1
532,Dipex,ETH,0xbce67604c08c4839980c32485657f63211c73e14,Yes,https://de.fi/rekt-database/Dipex,1,0,0,0,0,0,0,0,0,0,-1,-1,-1
533,Xdef finance,ETH,0x1b0e620ffe9d4880b934925bcaa0b13306658bed,Yes,https://de.fi/rekt-database/Xdef finance,0,0,0,0,0,0,0,1,0,0,-1,-1,-1
534,Ultimate Set Dollar,ETH,0x0473033c26ba5e5055b1e2d9fe6916d95922de3b,Yes,https://de.fi/rekt-database/Ultimate Set Dollar,0,1,0,0,0,0,0,0,0,0,-1,-1,-1
535,Slicer Finance,ETH,0x1dafac57c2f74cbc2736486309a009880ce4cbfc,Yes,https://de.fi/rekt-database/Slicer Finance,0,1,0,0,0,0,0,0,0,0,-1,-1,-1
536,GrowBase Finance,ETH,0xae47fdaa99e9b9413805605af4b979a82e24cc59,Yes,https://de.fi/rekt-database/GrowBase Finance,0,0,0,1,0,0,0,0,0,0,-1,-1,-1
537,Rapid Set Dollar,ETH,0x8e1d3ab094c1ee517b34cb2defd0ee9fe7658cea,Yes,https://de.fi/rekt-database/Rapid Set Dollar,0,1,0,0,0,0,0,0,0,0,-1,-1,-1
538,Mother of All Ponzis,ETH,0xe5fb5febbef64588dcba54aeb643d05a8ed02b91,Yes,https://de.fi/rekt-database/Mother of All Ponzis,0,1,0,0,0,0,0,0,0,0,-1,-1,-1
539,Decentralized Privacy,ETH,0x8e8fe3add2ab97dee73636d87d7cff113fd09746,Yes,https://de.fi/rekt-database/Decentralized Privacy,0,1,0,0,0,0,0,0,0,0,-1,-1,-1
540,K3psav.Finance,ETH,0xadd1077851588300c8c7d0313e71f4d68e2414d6,No,https://de.fi/rekt-database/K3psav.Finance,1,0,0,0,0,0,0,0,0,0,-1,-1,-1
541,Prophet Project,ETH,0xd7d84e9df527882149d9c5908a3937107724b325,Yes,https://de.fi/rekt-database/Prophet Project,0,0,1,0,0,0,0,0,0,0,-1,-1,-1
542,Overbase Finance,ETH,0xe202529bc704d6297a53d60933616803678e2644,Yes,https://de.fi/rekt-database/Overbase Finance,0,0,0,1,0,0,0,0,0,0,-1,-1,-1
543,Potatos Finance,BSC,0xeb0035f39525319c5cdd814de3459e185243dd94,Yes,https://de.fi/rekt-database/Potatos Finance,0,1,0,0,0,0,0,0,0,0,-1,-1,-1
544,UnlimitedBase Finance,ETH,0x2fe06398bedbad27cbfcbb399eb616629540eb4d,Yes,https://de.fi/rekt-database/UnlimitedBase Finance,0,0,0,1,0,0,0,0,0,0,-1,-1,-1
545,TRBAS3,ETH,0x43eb8277b06ec9a6b6ea32953c2ac34c18c44d02,Yes,https://de.fi/rekt-database/TRBAS3,1,0,0,0,0,0,0,0,0,0,-1,-1,-1
546,Reflation,ETH,0xdc65d31b94dbc5188ee5e01c22618537e5e86bac,Yes,https://de.fi/rekt-database/Reflation,0,0,0,0,0,0,0,1,0,0,-1,-1,-1
547,CREW,ETH,0xf212f5f479801606e4eee5ecb150d09cd16320f3,Yes,https://de.fi/rekt-database/CREW,0,1,0,0,0,0,0,0,0,0,-1,-1,-1
548,YFFS Finance,ETH,0x90d702f071d2af33032943137ad0ab4280705817,Yes,https://de.fi/rekt-database/YFFS Finance,0,0,1,1,0,0,0,0,0,0,-1,-1,-1
549,DEFIBase,ETH,0x154f0dce06eb0e7ea5d6cf1bc70039ca22b5fb17,Yes,https://de.fi/rekt-database/DEFIBase,0,0,0,1,0,0,0,0,0,0,-1,-1,-1
550,GoldenFarm,BSC,0x1d5fab22d056428cae676aa11c0d5f31647b69e6,Yes,https://de.fi/rekt-database/GoldenFarm,0,1,0,0,0,0,0,0,0,0,-1,-1,-1
551,CoinSWOP,ETH,0x191bafe4e3888ec289753c7d592634e3abe1ee14,Yes,https://de.fi/rekt-database/CoinSWOP,0,1,0,0,0,0,0,0,0,0,-1,-1,-1
552,Twerk Finance,ETH,0xf0b47ee3d3bdbef94999b2b8f4b81a52fbe2e3ed,Yes,https://de.fi/rekt-database/Twerk Finance,0,1,1,0,0,0,0,0,0,0,-1,-1,-1
553,Ba5ic finance,ETH,0xcd6c56a778681a969aed4ea09dcb2ad8d81d4d36,Yes,https://de.fi/rekt-database/Ba5ic finance,1,0,0,0,0,0,0,0,0,0,-1,-1,-1
554,Solv3 network,ETH,0xa2fffdc6efb2b76109519f23d84d3f6122e1d639,Yes,https://de.fi/rekt-database/Solv3 network,0,0,1,0,0,0,0,0,0,0,-1,-1,-1
555,Compounder Finance,ETH,0x7ef1081ecc8b5b5b130656a41d4ce4f89dbbcc8c,Yes,https://de.fi/rekt-database/Compounder Finance,0,1,0,0,0,0,0,0,0,0,-1,-1,-1
556,Yearnspace,ETH,0x93a8b61c4707efe76a88cae8dc226d9bf77e9405,Yes,https://de.fi/rekt-database/Yearnspace,0,1,0,0,0,0,0,0,0,0,-1,-1,-1
557,Hype Bet,ETH,0xf6bcf98ebe20ab7b68b3d703652e0029115b4a7a,Yes,https://de.fi/rekt-database/Hype Bet,0,1,1,0,0,0,0,0,0,0,-1,-1,-1
558,Hypechill fund,ETH,0x0fe5fdf01b48008dc68fc32e8fb7e0d93ca99bc5,Yes,https://de.fi/rekt-database/Hypechill fund,0,0,1,0,0,0,0,0,0,0,-1,-1,-1
559,Cover protocol,ETH,0x5a7a0ad8d92fbeee4a9a68d35cd29fe248cad790,Yes,https://de.fi/rekt-database/Cover protocol,0,1,1,0,0,0,0,0,0,0,-1,-1,-1
560,MiniVault.Finance,ETH,0x0209ce3516587cc4a22b54c024b2ee724c117036,No,https://de.fi/rekt-database/MiniVault.Finance,0,0,0,0,0,0,0,1,0,0,-1,-1,-1
561,Gh1z.finance,ETH,0xdba87d3b55fb2ed762d3b43b663ebbe21a8167a6,No,https://de.fi/rekt-database/Gh1z.finance,1,0,0,0,0,0,0,0,0,0,-1,-1,-1
562,ELLA,ETH,0x0bc7127b00f232de924f683f9340e01a9650d533,Yes,https://de.fi/rekt-database/ELLA,0,1,0,0,0,0,0,0,0,0,-1,-1,-1
563,Deriswap,ETH,0x846d152216146c77c81af3a1657790ed8ba69281,Yes,https://de.fi/rekt-database/Deriswap,0,0,0,0,0,0,0,1,0,0,-1,-1,-1
564,Rotex,ETH,0x079de196d5e8babca45f7d621fe0127f4dc753d9,Yes,https://de.fi/rekt-database/Rotex,0,1,0,0,0,0,0,0,0,0,-1,-1,-1
565,Compasswap Token,BSC,0x073bcc5e45263077f4269cd126905333564b852c,Yes,https://de.fi/rekt-database/Compasswap Token,0,1,0,0,0,0,0,0,0,0,-1,-1,-1
566,Rubick Finance,ETH,0x960a223f27b474de35f05b27210cc62cf7bdb1eb,Yes,https://de.fi/rekt-database/Rubick Finance,0,1,1,0,0,0,0,0,0,0,-1,-1,-1
567,MTI Finance,ETH,0x86d3f38edaf7e7959e5d8e6aea5ad3187b78c346,Yes,https://de.fi/rekt-database/MTI Finance,0,1,0,0,0,0,0,0,0,0,-1,-1,-1
568,Foxi.finance,ETH,0x24673e71c9be517d3fa2ff6eef421f7bc0e23b38,Yes,https://de.fi/rekt-database/Foxi.finance,0,0,1,0,0,0,0,0,0,0,-1,-1,-1
569,SAV3R,ETH,0xdf8ab83a6e4b868d140808810b0875fd1cdc2417,Yes,https://de.fi/rekt-database/SAV3R,0,1,0,0,0,0,0,0,0,0,-1,-1,-1
570,Walletreum,ETH,0x15bcdfad12498de8a922e62442ae4cc4bd33bd25,Yes,https://de.fi/rekt-database/Walletreum,0,1,0,0,0,0,0,0,0,0,-1,-1,-1
571,CYBER SOLIDITY,ETH,0x14f8d4ff4348fd42a976a67a017c86b434a63853,Yes,https://de.fi/rekt-database/CYBER SOLIDITY,0,0,1,0,0,0,0,0,0,0,-1,-1,-1
572,POKeFARM,ETH,0x61129781bdb5468b1bc4476fc696ac5ef06fa5f0,Yes,https://de.fi/rekt-database/POKeFARM,0,0,0,0,0,0,0,1,0,0,-1,-1,-1
573,Pump Farm,ETH,0x6b4b3b0b0130c9b4dda7c6fb4602beefbbf10672,Yes,https://de.fi/rekt-database/Pump Farm,0,1,0,0,0,0,0,0,0,0,-1,-1,-1
574,Chessfarm.Tech,BSC,0x02f92a9c381bdea49bde29a8277666c73e60c88d,Yes,https://de.fi/rekt-database/Chessfarm.Tech,0,1,0,0,0,0,0,0,0,0,-1,-1,-1
575,Relay3rV1,ETH,0xf771733a465441437ecf64ff410e261516c7c5f3,Yes,https://de.fi/rekt-database/Relay3rV1,0,1,1,0,0,0,0,0,0,0,-1,-1,-1
576,Star Swap,ETH,0x9867a6c0847829e93fb6fbb19667083cb5d1af93,Yes,https://de.fi/rekt-database/Star Swap,0,1,0,0,0,0,0,0,0,0,-1,-1,-1
577,YFFC,ETH,0xea004e8fa3701b8e58e41b78d50996e0f7176cbd,Yes,https://de.fi/rekt-database/YFFC,0,1,0,0,0,0,0,0,0,0,-1,-1,-1
578,Keep3rX.finance,ETH,0xccab7c83b1ed8a209130d7ed6ce24a23889b4910,Yes,https://de.fi/rekt-database/Keep3rX.finance,0,1,1,0,0,0,0,0,0,0,-1,-1,-1
579,ShabuVault,ETH,0xe2bd4670da28e7c0d90f0c7ec41b79515893a4e3,Yes,https://de.fi/rekt-database/ShabuVault,0,1,0,0,0,0,0,0,1,1,-1,-1,-1
580,Groot.finance,ETH,0x81726558d317f234a39b40ef9d6d3bbbcc92cd4a,Yes,https://de.fi/rekt-database/Groot.finance,1,0,1,0,0,0,0,0,0,0,-1,-1,-1
581,Kper Network,ETH,0xc89b4a8a121dd3e726fe7515e703936cf83e3350,Yes,https://de.fi/rekt-database/Kper Network,0,1,1,0,0,0,0,0,0,0,-1,-1,-1
582,Vice.Uno,BSC,0x56b52f384ffd3cea09730b04d9342d23b3212ef3,Yes,https://de.fi/rekt-database/Vice.Uno,0,1,0,0,0,0,0,0,0,0,-1,-1,-1
583,Foxy.farm,ETH,0x735c98ae8cd26b732a23c3889f237c5633b9f997,Yes,https://de.fi/rekt-database/Foxy.farm,0,1,0,0,0,0,0,0,0,0,-1,-1,-1
584,Hatch DAO,ETH,0x6f3009663470475f0749a6b76195375f95495fcb,Yes,https://de.fi/rekt-database/Hatch DAO,0,1,0,0,0,0,0,0,0,0,-1,-1,-1
585,CBDAO,ETH,0x4639cd8cd52ec1cf2e496a606ce28d8afb1c792f,Yes,https://de.fi/rekt-database/CBDAO,0,1,0,0,0,0,0,0,0,0,-1,-1,-1
586,Vegetables Finance,ETH,0x3d92941f6ebb2e131c2af6f7725494aed8763c5b,Yes,https://de.fi/rekt-database/Vegetables Finance,0,1,1,0,0,0,0,0,0,0,-1,-1,-1
587,Tomatos,ETH,0x2306934ca884caa042dc595371003093092b2bbf,Yes,https://de.fi/rekt-database/Tomatos,0,0,0,0,0,0,0,1,0,0,-1,-1,-1
588,LV Finance,ETH,0xa77f34bde382522cd3fb3096c480d15e525aab22,Yes,https://de.fi/rekt-database/LV Finance,0,1,0,0,0,0,0,0,0,0,-1,-1,-1
589,WinPlay,ETH,0x4690d8f53e0d367f5b68f7f571e6eb4b72d39ace,Yes,https://de.fi/rekt-database/WinPlay,0,1,0,0,0,0,0,0,0,0,-1,-1,-1
590,Eth Contingency,ETH,0xc96eec418b50c538c3f3e32e71575da068a97401,Yes,https://de.fi/rekt-database/Eth Contingency,1,0,0,1,0,0,0,0,0,0,-1,-1,-1
591,SPIDER,ETH,0x0fafc0c448c7074107e353ae728640c7a2bcbc77,Yes,https://de.fi/rekt-database/SPIDER,1,0,0,0,0,0,0,0,0,0,-1,-1,-1
592,Goldbar.finance,BSC,0xcfe21c71b71ead41cde416cf85f5bb1a8cbbac5e,Yes,https://de.fi/rekt-database/Goldbar.finance,0,1,0,0,0,0,0,0,0,0,-1,-1,-1
593,Durianswap,BSC,0x5a39244d557981c31b368788d99ad6e64b82d557,Yes,https://de.fi/rekt-database/Durianswap,0,1,0,0,0,0,0,0,0,0,-1,-1,-1
594,MerlinLab,BSC,0xb8acec42a049bceb738928c705eb200e7ebbdade,Yes,https://de.fi/rekt-database/MerlinLab,0,0,0,0,0,0,0,1,0,0,-1,-1,-1
595,PolyIon,Polygon,0xf5a8830d3dacc3d3d53c16ed09e6f808477e592e,Yes,https://de.fi/rekt-database/PolyIon,0,1,0,0,0,0,0,0,0,0,-1,-1,-1
596,Taba Finance,BSC,0x75e016abe8ed1d1337d24a434bfbc12e7b638e1e,Yes,https://de.fi/rekt-database/Taba Finance,0,1,0,0,0,0,0,0,0,0,-1,-1,-1
597,PolyFlorida,Polygon,0x66c0dd5a710ba1d9d7ceb51285bc7a93f8f9f9e2,Yes,https://de.fi/rekt-database/PolyFlorida,0,1,0,0,0,0,0,0,0,0,-1,-1,-1
598,CondoSwap,BSC,0x066f114ded7685ed047d5fef07b403125a530ddd,Yes,https://de.fi/rekt-database/CondoSwap,0,1,0,0,0,0,0,0,0,0,-1,-1,-1
599,Saturn Swap XYZ,BSC,0x2df306333b558ffff41cd359d89f952c3d0ff0a1,Yes,https://de.fi/rekt-database/Saturn Swap XYZ,0,1,0,1,0,0,0,0,0,0,-1,-1,-1
600,Bapeswap,Polygon,0x660d00bcb57274c137a8eecbde2c635f0edee91f,Yes,https://de.fi/rekt-database/Bapeswap,0,1,0,0,0,0,0,0,0,0,-1,-1,-1
601,Cheeseballs Finance,BSC,0x393eeed02fabca105e74dbaba61b31423e213723,Yes,https://de.fi/rekt-database/Cheeseballs Finance,0,1,0,0,0,0,0,0,1,0,-1,-1,-1
602,DragonBallSwap,BSC,0xc08db636dd6bab586e16b02c8b866511548aa814,Yes,https://de.fi/rekt-database/DragonBallSwap,0,1,0,0,0,0,0,0,0,0,-1,-1,-1
603,Polyninja.finance,Polygon,0x7a07c67a3b9b6ab30a2ac5cf3a0dbff284613a32,Yes,https://de.fi/rekt-database/Polyninja.finance,0,1,0,1,0,0,0,0,0,0,-1,-1,-1
604,PolyHype,Polygon,0x0257ffa79592ebffd8fab13ef50f83c2ae7050f0,Yes,https://de.fi/rekt-database/PolyHype,0,1,0,0,0,0,0,0,0,0,-1,-1,-1
605,Hydra Blazar,Polygon,0x0d2cdfdb3ffd1c866cd4453b985f57f207ee8238,Yes,https://de.fi/rekt-database/Hydra Blazar,0,1,0,0,0,0,0,0,0,0,-1,-1,-1
606,UNIRON Finance,Fantom,0xfc20df587485748b6f1f764de50d5ce92908d271,Yes,https://de.fi/rekt-database/UNIRON Finance,0,1,0,0,0,0,0,0,0,0,-1,-1,-1
607,Aubergine Farm,BSC,0x117bc8f9ce583282a413d90d492ef6ac08723834,Yes,https://de.fi/rekt-database/Aubergine Farm,0,1,0,1,0,0,0,0,0,1,-1,-1,-1
608,VSJEFF FIGHT,BSC,0xeffb1662699e0cf0ea55f9ab4d5fe040c95de221,Yes,https://de.fi/rekt-database/VSJEFF FIGHT,0,0,0,0,0,0,0,0,0,1,-1,-1,-1
609,Bitcoiin,ETH,0xbb8a43af111b59c7742f36e9cd245357d04059fd,Yes,https://de.fi/rekt-database/Bitcoiin,1,0,0,0,0,0,0,0,0,0,-1,-1,-1
610,Moozicore,ETH,0xfd0df7b58bd53d1dd4835ecd69a703b4b26f7816,Yes,https://de.fi/rekt-database/Moozicore,0,1,0,0,0,0,0,0,0,0,-1,-1,-1
611,SheepSwap.Finance,BSC,0xa7d51a4c85487d065257d0330eeccdadf93550fe,Yes,https://de.fi/rekt-database/SheepSwap.Finance,0,1,0,0,0,0,0,0,0,0,-1,-1,-1
612,Turtledex Token,BSC,0xc4957a864245aa4373be1f33ae24e93876b7dfe1,Yes,https://de.fi/rekt-database/Turtledex Token,1,1,0,0,0,0,0,0,0,0,-1,-1,-1
613,Naturel,BSC,0x7e057891a6ca27eced719dc781d7a45308dd6c70,Yes,https://de.fi/rekt-database/Naturel,1,0,0,0,0,0,0,0,0,0,-1,-1,-1
614,BOGDANoFF,BSC,0xcfe4d62d41873de1a4e57b5935c930d3da2d1018,Yes,https://de.fi/rekt-database/BOGDANoFF,0,1,0,1,0,0,0,0,0,0,-1,-1,-1
615,TerraCycle,BSC,0x1de28723445be1463237d3f8546136139fb194a8,Yes,https://de.fi/rekt-database/TerraCycle,0,0,0,0,0,0,0,0,1,0,-1,-1,-1
616,yLiquidate,ETH,0x3d3d5cce38afb7a379b2c3175ee56e2dc72cd7c8,Yes,https://de.fi/rekt-database/yLiquidate,0,1,1,0,0,0,0,0,0,0,-1,-1,-1
617,Sunder Protocol,ETH,0xad3f6438bbf0cd94e42b58ecb461732b03deec69,Yes,https://de.fi/rekt-database/Sunder Protocol,0,1,1,0,0,0,0,0,0,0,-1,-1,-1
618,Bunny Token,BSC,0xc9849e6fdb743d08faee3e34dd2d1bc69ea11a51,Yes,https://de.fi/rekt-database/Bunny Token,0,1,0,0,0,0,0,0,0,0,-1,-1,-1
619,Matcha,ETH,0x0cc77e575ba11af68743fe5b24d733c2aad9defb,Yes,https://de.fi/rekt-database/Matcha,0,1,1,0,0,0,0,0,0,0,-1,-1,-1
620,Pizza finance,ETH,0x1d8dce63d49252dd8eca38b1abfe4d3f160e0647,Yes,https://de.fi/rekt-database/Pizza finance,0,1,0,0,0,0,0,0,0,0,-1,-1,-1
621,Mooswap,ETH,0xda5f5e63084f2ba6eef845cea653913b46c7fe95,Yes,https://de.fi/rekt-database/Mooswap,0,1,0,0,0,0,0,0,0,1,-1,-1,-1
622,bitqy,ETH,0xf0f8b0b8dbb1124261fc8d778e2287e3fd2cf4f5,Yes,https://de.fi/rekt-database/bitqy,0,0,1,0,0,0,0,0,0,0,-1,-1,-1
623,ShipChain,ETH,0xe25b0bba01dc5630312b6a21927e578061a13f55,Yes,https://de.fi/rekt-database/ShipChain,0,1,0,1,0,0,0,0,0,0,-1,-1,-1
624,Titanium BAR,ETH,0xee8bd1502c3e9f6c543781467c01592ac51cfbb8,Yes,https://de.fi/rekt-database/Titanium BAR,0,1,0,0,0,0,0,0,0,0,-1,-1,-1
625,Enigma,ETH,0xf0ee6b27b759c9893ce4f094b49ad28fd15a23e4,Yes,https://de.fi/rekt-database/Enigma,0,0,0,1,0,0,0,0,0,0,-1,-1,-1
626,Ethereum Metamask,ETH,0xc2fbab8de59f2671d55137dfd837f68e9a040867,Yes,https://de.fi/rekt-database/Ethereum Metamask,0,1,0,0,0,0,0,0,0,0,-1,-1,-1
627,sXRP,ETH,0xa2b0fde6d710e201d0d608e924a484d1a5fed57c,Yes,https://de.fi/rekt-database/sXRP,0,0,0,0,0,0,0,1,0,0,-1,-1,-1
628,XSwap,ETH,0x9b06d48e0529ecf05905ff52dd426ebec0ea3011,Yes,https://de.fi/rekt-database/XSwap,0,1,0,0,0,0,0,0,0,0,-1,-1,-1
629,Kore,ETH,0xa866f0198208eb07c83081d5136be7f775c2399e,Yes,https://de.fi/rekt-database/Kore,0,1,0,0,0,0,0,0,1,0,-1,-1,-1
630,Gladius Token,ETH,0x71d01db8d6a2fbea7f8d434599c237980c234e4c,Yes,https://de.fi/rekt-database/Gladius Token,0,1,0,0,0,0,0,0,0,0,-1,-1,-1
631,padthai.finance,ETH,0x6f450f117114075d1d1c91dd64a61c0ba72ca68f,Yes,https://de.fi/rekt-database/padthai.finance,0,1,0,0,0,0,0,0,0,0,-1,-1,-1
632,Sether,ETH,0x78b039921e84e726eb72e7b1212bb35504c645ca,Yes,https://de.fi/rekt-database/Sether,0,1,0,0,0,0,0,0,0,0,-1,-1,-1
633,Stratos Network,ETH,0x541e88059a4eff35edc8c38bb5a1e7495472288c,Yes,https://de.fi/rekt-database/Stratos Network,0,1,1,0,0,0,0,0,0,0,-1,-1,-1
634,Anonymus Inu,ETH,0x38facb2a78e0956146450d7a727495820f29782b,Yes,https://de.fi/rekt-database/Anonymus Inu,0,1,1,0,0,0,0,0,0,0,-1,-1,-1
635,EthereumMoon,ETH,0x8b7d11bd5640ee5c3503b38b5fcd3f50f7a6e08c,Yes,https://de.fi/rekt-database/EthereumMoon,0,1,1,0,0,0,0,0,0,0,-1,-1,-1
636,Bonu Inu,ETH,0xd192e5d224faa6209936b572e3c6d60f89eecb23,Yes,https://de.fi/rekt-database/Bonu Inu,0,1,1,0,0,0,0,0,0,0,-1,-1,-1
637,Goose Inu,ETH,0x2c9539d6eaf866ecd0ce3f41172da3c59baf3037,Yes,https://de.fi/rekt-database/Goose Inu,0,1,1,0,0,0,0,0,0,0,-1,-1,-1
638,Crytocurency.Ai,ETH,0x96f4c9e40af2fe5d78f3f41d06208146573ffb8f,Yes,https://de.fi/rekt-database/Crytocurency.Ai,0,1,1,0,0,0,0,0,0,0,-1,-1,-1
639,Volcano Money,ETH,0x8fa269b6da92482c49849140a415beb279aaf2d2,Yes,https://de.fi/rekt-database/Volcano Money,0,1,1,0,0,0,0,0,0,0,-1,-1,-1
640,MilitaryDoge,BSC,0x32ba7c5e4b881ecf282bc5c19f850f4e72c063f3,Yes,https://de.fi/rekt-database/MilitaryDoge,0,0,1,0,0,0,0,0,0,0,-1,-1,-1
641,Dino Inu,ETH,0xc1872ad6b6bf2953fdd6e07c3437cbe64eddb030,Yes,https://de.fi/rekt-database/Dino Inu,0,1,1,0,0,0,0,0,0,0,-1,-1,-1
642,Jejudoge V2,ETH,0xe4e873b8b73b290913ce7f26b55a2e809e1b9013,Yes,https://de.fi/rekt-database/Jejudoge V2,0,1,1,0,0,0,0,0,0,0,-1,-1,-1
643,Supreme Inu,ETH,0x6cc3e5f6f8909d0b45a97c13366321b2029af8f0,Yes,https://de.fi/rekt-database/Supreme Inu,0,1,1,0,0,0,0,0,0,0,-1,-1,-1
644,YisusShiba,BSC,0x55e86b96e37d41bb10bd145541daf7a46a8c8296,Yes,https://de.fi/rekt-database/YisusShiba,0,1,1,0,0,0,0,0,0,0,-1,-1,-1
645,Wrapped Ultra Sound Money,ETH,0xd16404d3e5bda0ec647806121e9c73dbbafec105,Yes,https://de.fi/rekt-database/Wrapped Ultra Sound Money,0,1,1,0,0,0,0,0,0,0,-1,-1,-1
646,PugDog Inu,ETH,0x35485a8182cd2ea9b7007c35d79f5b17d3699a58,Yes,https://de.fi/rekt-database/PugDog Inu,0,1,1,0,0,0,0,0,0,0,-1,-1,-1
647,Fisa Inu,ETH,0xc9941547630feed27426a00cb513469fecfc5ec9,Yes,https://de.fi/rekt-database/Fisa Inu,0,1,1,0,0,0,0,0,0,0,-1,-1,-1
648,Ethelon Finance,ETH,0x3db5530ebf062fb0069d80730a0b43920d7b6b1a,Yes,https://de.fi/rekt-database/Ethelon Finance,0,1,1,0,0,0,0,0,0,0,-1,-1,-1
649,Akashi Inu,ETH,0xfcb8e535320ab4592b8d9d773a61ee40cd35e434,Yes,https://de.fi/rekt-database/Akashi Inu,0,1,1,0,0,0,0,0,0,0,-1,-1,-1
650,Hoge Inu,ETH,0xb67053a31e3b9075859d8d3d807667bc27fe7544,Yes,https://de.fi/rekt-database/Hoge Inu,0,1,1,0,0,0,0,0,0,0,-1,-1,-1
651,Gitcoin,BSC,0xd62ba48bee2ecfb4955a871c77c755f1c2f48a7c,Yes,https://de.fi/rekt-database/Gitcoin,0,1,1,0,0,0,0,0,0,0,-1,-1,-1
652,DragonBite,ETH,0x8afbe61b793b327dda8d94b9caadd1974cad411a,Yes,https://de.fi/rekt-database/DragonBite,0,1,1,0,0,0,0,0,0,0,-1,-1,-1
653,Pluto Rocket Finance,BSC,0x2081b7aefbf9e26f5733fb809d5443f073df062a,Yes,https://de.fi/rekt-database/Pluto Rocket Finance,0,0,1,0,0,0,0,0,0,0,-1,-1,-1
654,Green Swap,ETH,0x96c9fcd45bea05b848e6e8551ad33d4d08194e4b,Yes,https://de.fi/rekt-database/Green Swap,1,0,0,0,0,0,0,0,0,0,-1,-1,-1
655,EthereumSpacex,ETH,0x7789970d45cee071f4cbf158f9d0555298bf36e5,Yes,https://de.fi/rekt-database/EthereumSpacex,0,1,1,0,0,0,0,0,0,0,-1,-1,-1
656,CoomRocket,ETH,0x7dddcb8d93438500c42c199b6b02ba3f74c7cb8c,Yes,https://de.fi/rekt-database/CoomRocket,0,1,1,0,0,0,0,0,0,0,-1,-1,-1
657,Paragon,ETH,0x7728dfef5abd468669eb7f9b48a7f70a501ed29d,Yes,https://de.fi/rekt-database/Paragon,0,0,0,0,0,0,0,0,1,0,-1,-1,-1
658,Hisho Inu,ETH,0x64ad2e053c1b0546381bc4fa06ea3e74c791d9d5,Yes,https://de.fi/rekt-database/Hisho Inu,0,1,1,0,0,0,0,0,0,0,-1,-1,-1
659,Shopin,ETH,0x6175f6f85339f1e56affac5a68cbf8297969004d,Yes,https://de.fi/rekt-database/Shopin,0,1,0,0,0,0,0,0,0,0,-1,-1,-1
660,IYF.finance,ETH,0x5d762f76b9e91f71cc4f94391bdfe6333db8519c,Yes,https://de.fi/rekt-database/IYF.finance,0,1,0,0,0,0,0,0,0,0,-1,-1,-1
661,Gains Farm,ETH,0x544288176bb6d7d198302a2d18fad38442e69b25,Yes,https://de.fi/rekt-database/Gains Farm,0,1,0,0,0,0,0,0,0,0,-1,-1,-1
662,Faraland,ETH,0xa9c4a2852eeb43b0a27592e5e86b64db55040d79,Yes,https://de.fi/rekt-database/Faraland,0,1,1,0,0,0,0,0,0,0,-1,-1,-1
663,ASG Token,BSC,0x8e481946640b04109afad9e0c07925494984bdc9,Yes,https://de.fi/rekt-database/ASG Token,0,1,0,0,0,0,0,0,0,0,-1,-1,-1
664,Moonfarm Finance,ETH,0x93393b446f3073eb0ba5f85524ca04030ba5d39a,Yes,https://de.fi/rekt-database/Moonfarm Finance,0,1,1,0,0,0,0,0,0,0,-1,-1,-1
665,AirToken,ETH,0x27dce1ec4d3f72c3e457cc50354f1f975ddef488,Yes,https://de.fi/rekt-database/AirToken,0,1,1,0,0,0,0,0,0,0,-1,-1,-1
666,Tuckoo Finance,BSC,0x0371afbe3f2f470949ea65e09e3332810dfc7902,Yes,https://de.fi/rekt-database/Tuckoo Finance,1,0,0,0,0,0,0,0,0,0,-1,-1,-1
667,TravelCake,BSC,0x5c58ac3be5ac6c4643bcf8c14c6e4df789ba5672,Yes,https://de.fi/rekt-database/TravelCake,0,0,1,0,0,0,0,0,0,0,-1,-1,-1
668,Zombie Shiba,ETH,0x675f6e3a0abe9014d7d1dbe0ae565b9256b45303,Yes,https://de.fi/rekt-database/Zombie Shiba,0,1,1,0,0,0,0,0,0,0,-1,-1,-1
669,AL PACINU,ETH,0x5551a1db922b90bffb881241ef6c681fc9bdfb2b,Yes,https://de.fi/rekt-database/AL PACINU,0,1,1,0,0,0,0,0,0,0,-1,-1,-1
670,JamTruAdr,Polygon,0xc20b743316e7701a281167213fb266aa7651d99d,Yes,https://de.fi/rekt-database/JamTruAdr,0,0,1,0,0,0,0,0,0,0,-1,-1,-1
671,HoDooi,ETH,0x6efa299eb78161aca289f97b5410b343cce38c05,Yes,https://de.fi/rekt-database/HoDooi,0,0,1,0,0,0,0,0,0,0,-1,-1,-1
672,Yearn Prometheus,ETH,0x528ff33bf5bf96b5392c10bc4748d9e9fb5386b2,Yes,https://de.fi/rekt-database/Yearn Prometheus,0,0,1,0,0,0,0,0,0,0,-1,-1,-1
673,Goblin Town,ETH,0xbb7f05aa2dd33425ea0848cda8e4ea54718c6336,Yes,https://de.fi/rekt-database/Goblin Town,0,0,1,0,0,0,0,0,0,0,-1,-1,-1
674,NoVASHIBA.COM,BSC,0x68ca1321bf1bf6b243f57c5edbee62304fd8cb30,No,https://de.fi/rekt-database/NoVASHIBA.COM,0,0,1,0,0,0,0,0,0,0,-1,-1,-1
675,Moonwalk,BSC,0xe64f4a5c364a92ab62e27076907d55334609c8ad,Yes,https://de.fi/rekt-database/Moonwalk,0,0,1,0,0,0,0,0,0,0,-1,-1,-1
676,Nabox,BSC,0x4f75869a06535161515df34b84960f58c5c41da1,Yes,https://de.fi/rekt-database/Nabox,0,0,1,0,0,0,0,0,1,0,-1,-1,-1
677,Fuck Thanos,ETH,0x3e3c02ab542463b9c7a990ae2b5cea40175b233d,Yes,https://de.fi/rekt-database/Fuck Thanos,0,0,1,0,0,0,0,0,1,0,-1,-1,-1
678,Data Transaction Token,ETH,0x24dcc881e7dd730546834452f21872d5cb4b5293,Yes,https://de.fi/rekt-database/Data Transaction Token,0,1,1,0,0,0,0,0,0,0,-1,-1,-1
679,Uranus Token,ETH,0x68b48e978fb4748b9d67f520db1df2e9cbd437ab,Yes,https://de.fi/rekt-database/Uranus Token,0,0,1,0,0,0,0,0,0,0,-1,-1,-1
680,Karura,BSC,0x74fe7ecc0a5131a4a980d6b12667184954b4c752,Yes,https://de.fi/rekt-database/Karura,0,0,1,0,0,0,0,0,1,0,-1,-1,-1
681,DTP,BSC,0x025d5f67d58c9ed14503edffa3ec3578af615854,Yes,https://de.fi/rekt-database/DTP,1,0,1,0,0,0,0,0,0,0,-1,-1,-1
682,CoinCoin,BSC,0x91d160e312801b9ff13b220516a8f510bad7d10f,Yes,https://de.fi/rekt-database/CoinCoin,0,0,1,0,0,0,0,0,0,0,-1,-1,-1
683,ICONFoundation,BSC,0x05d84a869e14d538f8a70a0c79848f10d2f76542,Yes,https://de.fi/rekt-database/ICONFoundation,0,0,0,0,0,0,0,0,1,0,-1,-1,-1
684,Wealthfront,ETH,0xa837efd4500966a45148073f57fa855205597612,Yes,https://de.fi/rekt-database/Wealthfront,0,1,0,0,0,0,0,0,0,0,-1,-1,-1
685,ANT1GOON,ETH,0x61db2fb090d890ea9fc09dd837fd47cf2f92ee26,Yes,https://de.fi/rekt-database/ANT1GOON,0,0,1,0,0,0,0,1,0,0,-1,-1,-1
686,Exbase Finance,ETH,0x15c5339954a1016c77732ea626cc714b0d37dd6a,Yes,https://de.fi/rekt-database/Exbase Finance,0,0,0,0,0,0,0,0,0,1,-1,-1,-1
687,Xdef finance,ETH,0x5166d4ce79b9bf7df477da110c560ce3045aa889,Yes,https://de.fi/rekt-database/Xdef finance,0,0,1,0,0,0,0,0,0,1,-1,-1,-1
688,Kanva,ETH,0x2d176650b1d3e69e80c2dd8acf4e7d590a16bda7,Yes,https://de.fi/rekt-database/Kanva,0,0,1,0,0,0,0,0,0,0,-1,-1,-1
86,HPD,BSC,0x70faf21d51e663a24cffee1f1c22ed94c975cc7c,Yes,https://de.fi/rekt-database/HPD,0,0,0,0,0,0,0,0,1,0,-1,-1,-1
